2/1/03;1
3/1/03;0,4945
6/1/03;0,9705
7/1/03;0,5909
8/1/03;-1,0843
9/1/03;0,8986
10/1/03;0,6789
13/1/03;-0,2196
14/1/03;0,2857
15/1/03;-0,4394
16/1/03;-0,4447
17/1/03;-1,6875
21/1/03;-0,3366
22/1/03;-0,0637
23/1/03;0,8371
24/1/03;-0,9857
27/1/03;-0,5406
28/1/03;0,4056
29/1/03;0,4889
30/1/03;-0,834
31/1/03;-0,1074
3/2/03;0,153
4/2/03;0,1777
5/2/03;-0,3458
6/2/03;0,3241
7/2/03;0,091
10/2/03;-0,2819
11/2/03;-0,0091
12/2/03;0,1413
13/2/03;0,2186
14/2/03;-0,3453
18/2/03;0,0501
19/2/03;0,2734
20/2/03;0,1363
21/2/03;-0,236
24/2/03;0,191
25/2/03;0,1861
26/2/03;0,2809
27/2/03;0,0678
28/2/03;0,2574
3/3/03;-0,1055
4/3/03;0,0266
5/3/03;0,1329
6/3/03;-0,1548
7/3/03;0,1373
10/3/03;0,2079
11/3/03;-0,0706
12/3/03;0,1458
13/3/03;-0,7411
14/3/03;0,1956
17/3/03;-0,4791
18/3/03;-0,3744
19/3/03;-0,2908
20/3/03;-0,0628
21/3/03;-0,5388
24/3/03;0,6139
25/3/03;-0,0449
26/3/03;0,0808
27/3/03;0,0269
28/3/03;0,0897
31/3/03;0,5152
1/4/03;-0,2083
2/4/03;2,963
3/4/03;0,3899
4/4/03;-1,4538
7/4/03;0,1044
8/4/03;0,0026
9/4/03;-1,9668
10/4/03;0,9952
11/4/03;-0,8983
14/4/03;1,735
15/4/03;0,9061
16/4/03;-0,1466
17/4/03;2,0139
21/4/03;0,2984
22/4/03;1,6489
23/4/03;0,6642
24/4/03;-0,3657
25/4/03;-1,6601
28/4/03;1,6966
29/4/03;0,7752
30/4/03;-0,7709
1/5/03;0,2504
2/5/03;2,298
5/5/03;0,1885
6/5/03;1,2161
7/5/03;-0,9284
8/5/03;-1,3619
9/5/03;1,8993
12/5/03;1,2544
13/5/03;-0,0928
14/5/03;-0,08
15/5/03;0,7829
16/5/03;-0,856
19/5/03;-2,6779
20/5/03;0,2143
21/5/03;0,0117
22/5/03;1,2323
23/5/03;0,3977
27/5/03;2,8153
28/5/03;0,5177
29/5/03;0,4993
30/5/03;1,6314
2/6/03;0,6749
3/6/03;0,1866
4/6/03;1,3348
5/6/03;1,4005
6/6/03;-0,9009
9/6/03;-1,6009
10/6/03;1,4039
11/6/03;0,9458
12/6/03;0,5373
13/6/03;-1,6442
16/6/03;1,6813
17/6/03;0,2925
18/6/03;-0,0969
19/6/03;-1,3231
20/6/03;-0,6814
23/6/03;-1,7626
24/6/03;-0,1267
25/6/03;0,4545
26/6/03;1,57
27/6/03;-0,6774
30/6/03;-0,2445
1/7/03;0,7533
2/7/03;2,5048
3/7/03;-0,8795
7/7/03;2,1981
8/7/03;1,4111
9/7/03;0,5017
10/7/03;-1,8148
11/7/03;1,0997
14/7/03;0,7676
15/7/03;-0,342
16/7/03;-0,5894
17/7/03;-2,9009
18/7/03;0,8446
21/7/03;-0,9817
22/7/03;1,0924
23/7/03;0,6686
24/7/03;-0,1661
25/7/03;0,947
28/7/03;0,9636
29/7/03;-0,1009
30/7/03;-0,4777
31/7/03;0,186
1/8/03;-1,2808
4/8/03;-0,7851
5/8/03;-1,6938
6/8/03;-0,2895
7/8/03;0,4235
8/8/03;-0,1131
11/8/03;1,2684
12/8/03;1,4613
13/8/03;0,287
14/8/03;0,7432
15/8/03;0,075
18/8/03;1,7865
19/8/03;1,6167
20/8/03;-0,0851
21/8/03;0,7136
22/8/03;-1,5202
25/8/03;-0,1477
26/8/03;0,4232
27/8/03;0,7634
28/8/03;0,5844
29/8/03;0,3106
2/9/03;2,2524
3/9/03;0,3543
4/9/03;-0,2712
5/9/03;-0,7782
8/9/03;1,3872
9/9/03;-0,1438
10/9/03;-1,6684
11/9/03;0,5129
12/9/03;0,7311
15/9/03;-0,4248
16/9/03;2,7615
17/9/03;-0,4368
18/9/03;1,487
19/9/03;-0,6144
22/9/03;-1,5504
23/9/03;0,9515
24/9/03;-1,8827
25/9/03;-1,799
26/9/03;-0,3718
29/9/03;1,347
30/9/03;-1,2818
1/10/03;3,2615
2/10/03;1,3567
3/10/03;1,7198
6/10/03;0,2613
7/10/03;0,424
8/10/03;-1,0351
9/10/03;0,9121
10/10/03;0,8467
13/10/03;1,0452
14/10/03;0,6503
15/10/03;-1,2772
16/10/03;0,8056
17/10/03;-1,2339
20/10/03;0,7308
21/10/03;0,4913
22/10/03;-2,5692
23/10/03;-1,9065
24/10/03;-0,1896
27/10/03;1,4204
28/10/03;2,306
29/10/03;0,5298
30/10/03;0,0392
31/10/03;-1,1553
3/11/03;1,3441
4/11/03;0,7627
5/11/03;-0,0663
6/11/03;-0,8173
7/11/03;0,085
10/11/03;-1,1603
11/11/03;-1,4321
12/11/03;2,0679
13/11/03;0,1277
14/11/03;-1,8019
17/11/03;-1,9532
18/11/03;-0,7331
19/11/03;0,6062
20/11/03;-0,7409
21/11/03;1,0016
24/11/03;2,0335
25/11/03;0,138
26/11/03;0,7161
28/11/03;0,3818
1/12/03;1,7644
2/12/03;-0,2793
3/12/03;-1,0021
4/12/03;-0,2169
5/12/03;-0,6649
8/12/03;0,4361
9/12/03;-0,9791
10/12/03;-0,6035
11/12/03;2,1448
12/12/03;0,3912
15/12/03;-1,0446
16/12/03;0,1047
17/12/03;-0,5603
18/12/03;1,4715
19/12/03;-0,033
22/12/03;0,9692
23/12/03;0,3815
24/12/03;0,0985
26/12/03;0,2829
29/12/03;1,4174
30/12/03;0,3461
31/12/03;-0,1084
2/1/04;1,5465
5/1/04;2,1903
6/1/04;-0,5979
7/1/04;0,6011
8/1/04;0,5318
9/1/04;-0,4566
12/1/04;0,8286
13/1/04;-0,4635
14/1/04;0,3166
15/1/04;-0,8305
16/1/04;0,4619
20/1/04;1,9084
21/1/04;-0,002
22/1/04;-0,3842
23/1/04;0,1774
26/1/04;0,7787
27/1/04;-0,8273
28/1/04;-1,3952
29/1/04;-1,1771
30/1/04;-0,002
2/2/04;0,1207
3/2/04;-0,5051
4/2/04;-1,5727
5/2/04;0,3989
6/2/04;2,2694
9/2/04;0,7709
10/2/04;0,5017
11/2/04;1,036
12/2/04;-0,3409
13/2/04;-0,4142
17/2/04;1,7457
18/2/04;-0,9896
19/2/04;-1,2213
20/2/04;-0,6328
23/2/04;-1,0894
24/2/04;-0,2603
25/2/04;1,1789
26/2/04;0,5034
27/2/04;0,9259
1/3/04;1,7925
2/3/04;-0,8003
3/3/04;-0,2094
4/3/04;0,8686
5/3/04;0,2946
8/3/04;-1,1454
9/3/04;-0,6915
10/3/04;-2,0723
11/3/04;-1,5564
12/3/04;1,833
15/3/04;-2,0511
16/3/04;0,6691
17/3/04;1,7437
18/3/04;0,0105
19/3/04;-1,1686
22/3/04;-1,7285
23/3/04;0,5868
24/3/04;0,1282
25/3/04;1,7537
26/3/04;0,038
29/3/04;1,5459
30/3/04;0,8176
31/3/04;0,6404
1/4/04;0,9311
2/4/04;0,9922
5/4/04;0,3002
6/4/04;-0,7957
7/4/04;0,0015
8/4/04;-0,6248
12/4/04;1,0183
13/4/04;-2,0325
14/4/04;-0,9079
15/4/04;-0,9501
16/4/04;0,982
19/4/04;-0,3017
20/4/04;-1,0996
21/4/04;1,1605
22/4/04;1,2642
23/4/04;-0,3589
26/4/04;0,0588
27/4/04;-0,421
28/4/04;-2,3813
29/4/04;-1,153
30/4/04;-1,3619
3/5/04;0,3436
4/5/04;0,4869
5/5/04;0,5148
6/5/04;-1,65
7/5/04;-2,0259
10/5/04;-3,0485
11/5/04;1,1508
12/5/04;0,3363
13/5/04;-1,0721
14/5/04;-0,2947
17/5/04;-0,7346
18/5/04;1,0713
19/5/04;0,9089
20/5/04;0,6426
21/5/04;0,5792
24/5/04;0,0923
25/5/04;0,9706
26/5/04;-0,0799
27/5/04;1,2322
28/5/04;0,2142
1/6/04;0,4095
2/6/04;-0,1687
3/6/04;-1,5793
4/6/04;0,957
7/6/04;2,217
8/6/04;-0,0463
9/6/04;-1,6667
10/6/04;0,7685
14/6/04;-1,7836
15/6/04;1,6405
16/6/04;-0,0293
17/6/04;-0,5058
18/6/04;0,246
21/6/04;-0,53
22/6/04;1,0299
23/6/04;1,1943
24/6/04;-0,132
25/6/04;0,7039
28/6/04;-0,4007
29/6/04;0,7431
30/6/04;0,77
1/7/04;-0,8106
2/7/04;0,1381
6/7/04;-1,8413
7/7/04;0,4278
8/7/04;-0,9359
9/7/04;1,2374
12/7/04;0,039
13/7/04;0,8241
14/7/04;-1,2039
15/7/04;-0,4606
16/7/04;0,6774
19/7/04;0,1891
20/7/04;-0,0095
21/7/04;-1,6718
22/7/04;0,6596
23/7/04;-1,1653
26/7/04;-0,0795
27/7/04;-0,4107
28/7/04;-0,3519
29/7/04;0,1062
30/7/04;1,0576
2/8/04;-0,6263
3/8/04;0,1887
4/8/04;0,0623
5/8/04;0,1271
6/8/04;0,8027
9/8/04;-0,1268
10/8/04;-0,1981
11/8/04;0,1875
12/8/04;0,1254
13/8/04;0,1701
16/8/04;-0,1636
17/8/04;0,2879
18/8/04;-0,2603
19/8/04;0,1646
20/8/04;-0,0958
23/8/04;-0,228
24/8/04;0,0254
25/8/04;0,1426
26/8/04;0,2664
27/8/04;-0,0144
30/8/04;0,2109
31/8/04;0,2516
1/9/04;-0,1681
2/9/04;-0,7353
3/9/04;-0,0873
7/9/04;-0,0798
8/9/04;0,7205
9/9/04;-0,3099
10/9/04;0,1947
13/9/04;0,3606
14/9/04;0,1093
15/9/04;-0,3367
16/9/04;0,9394
17/9/04;-0,3649
20/9/04;0,4971
21/9/04;0,3507
22/9/04;0,7652
23/9/04;-0,4057
24/9/04;0,0943
27/9/04;0,408
28/9/04;-0,1631
29/9/04;-0,8028
30/9/04;-0,2831
1/10/04;0,6062
4/10/04;1,5139
5/10/04;-0,6193
6/10/04;1,0517
7/10/04;-0,9109
8/10/04;-0,6615
11/10/04;0,4935
12/10/04;-1,4535
13/10/04;-1,3301
14/10/04;-1,2498
15/10/04;1,3359
18/10/04;0,9484
19/10/04;-0,5019
20/10/04;-0,4514
21/10/04;1,3671
22/10/04;-0,7864
25/10/04;0,3177
26/10/04;0,435
27/10/04;1,612
28/10/04;-0,4207
29/10/04;0,3459
1/11/04;0,6958
2/11/04;0,228
3/11/04;1,4051
4/11/04;1,4529
5/11/04;0,4208
8/11/04;-1,0145
9/11/04;0,519
10/11/04;0,0837
11/11/04;1,1675
12/11/04;1,6096
15/11/04;0,0658
16/11/04;-1,0905
17/11/04;2,1254
18/11/04;0,1894
19/11/04;-1,3896
22/11/04;0,4288
23/11/04;0,1495
24/11/04;1,0007
26/11/04;1,4998
29/11/04;-0,518
30/11/04;0,0963
1/12/04;0,9718
2/12/04;-0,1254
3/12/04;0,4105
6/12/04;-0,1268
7/12/04;-1,5068
8/12/04;-0,2933
9/12/04;-1,3119
10/12/04;-0,1439
13/12/04;1,4689
14/12/04;0,8085
15/12/04;1,1778
16/12/04;-0,6091
17/12/04;-0,3238
20/12/04;1,0698
21/12/04;0,9541
22/12/04;-0,0129
23/12/04;-0,4896
27/12/04;-0,0638
28/12/04;0,5802
29/12/04;0,4299
30/12/04;-0,2286
31/12/04;0,615
3/1/05;-0,9938
4/1/05;-2,8732
5/1/05;-1,1305
6/1/05;-0,0428
7/1/05;0,0406
10/1/05;0,2084
11/1/05;-0,3223
12/1/05;1,125
13/1/05;-0,4989
14/1/05;1,5754
18/1/05;0,002
19/1/05;-1,3569
20/1/05;-1,2058
21/1/05;1,033
24/1/05;-0,2395
25/1/05;0,7742
26/1/05;1,4261
27/1/05;0,101
28/1/05;0,0184
31/1/05;1,2502
1/2/05;0,824
2/2/05;0,3198
3/2/05;-0,1574
4/2/05;1,4756
7/2/05;0,2262
8/2/05;0,2
9/2/05;-0,4376
10/2/05;0,4987
11/2/05;0,9878
14/2/05;0,6983
15/2/05;0,2462
16/2/05;-0,2822
17/2/05;-0,1842
18/2/05;1,0716
22/2/05;-0,4479
23/2/05;0,4522
24/2/05;1,4023
25/2/05;1,8042
28/2/05;-0,235
1/3/05;0,4261
2/3/05;-1,0676
3/3/05;0,194
4/3/05;1,4618
7/3/05;-0,0369
8/3/05;-0,2003
9/3/05;-0,6365
10/3/05;-0,1186
11/3/05;-0,3045
14/3/05;-0,3137
15/3/05;-1,4019
16/3/05;-0,3345
17/3/05;0,5529
18/3/05;-0,3765
21/3/05;-0,9931
22/3/05;-1,517
23/3/05;-0,875
24/3/05;0,0922
28/3/05;0,376
29/3/05;-1,5478
30/3/05;1,5629
31/3/05;0,2374
1/4/05;0,2073
4/4/05;0,1811
5/4/05;0,148
6/4/05;0,7777
7/4/05;0,723
8/4/05;-0,3155
11/4/05;-0,1857
12/4/05;0,8455
13/4/05;-1,4319
14/4/05;-1,6047
15/4/05;-1,3803
18/4/05;0,5183
19/4/05;1,3918
20/4/05;-1,6948
21/4/05;1,958
22/4/05;-0,6115
25/4/05;0,9754
26/4/05;-0,9129
27/4/05;-0,6568
28/4/05;-1,2699
29/4/05;1,5699
2/5/05;-0,016
3/5/05;0,0417
4/5/05;1,2594
5/5/05;0,8521
6/5/05;-0,5026
9/5/05;0,8441
10/5/05;-1,0175
11/5/05;0,2624
12/5/05;-1,2418
13/5/05;-0,4699
16/5/05;0,7637
17/5/05;0,4433
18/5/05;1,4284
19/5/05;0,774
20/5/05;-0,0106
23/5/05;0,31
24/5/05;-0,7717
25/5/05;-0,9576
26/5/05;0,3218
27/5/05;0,5658
31/5/05;0,1616
1/6/05;1,1672
2/6/05;0,2364
3/6/05;-0,3309
6/6/05;0,8242
7/6/05;0,1073
8/6/05;0,0021
9/6/05;0,3333
10/6/05;-0,0311
13/6/05;0,4332
14/6/05;0,5502
15/6/05;0,472
16/6/05;0,4997
17/6/05;1,0892
20/6/05;-0,4642
21/6/05;-0,629
22/6/05;0,3654
23/6/05;-1,0649
24/6/05;-0,3293
27/6/05;-0,3052
28/6/05;0,6468
29/6/05;-0,1382
30/6/05;-0,1851
1/7/05;0,6163
5/7/05;0,9061
6/7/05;-0,4022
7/7/05;0,2007
8/7/05;1,4272
11/7/05;1,3583
12/7/05;0,5199
13/7/05;-0,3205
14/7/05;-0,5609
15/7/05;-0,0581
18/7/05;-0,0588
19/7/05;0,979
20/7/05;0,4986
21/7/05;-0,2581
22/7/05;0,355
25/7/05;-0,4503
26/7/05;0,8043
27/7/05;0,3991
28/7/05;1,304
29/7/05;-0,0964
1/8/05;0,7571
2/8/05;1,2397
3/8/05;-0,2483
4/8/05;-1,2606
5/8/05;-2,3573
8/8/05;-1,1493
9/8/05;1,2106
10/8/05;0,8192
11/8/05;0,3388
12/8/05;-0,6661
15/8/05;0,8096
16/8/05;-0,8377
17/8/05;-0,2483
18/8/05;-1,1989
19/8/05;-0,2931
22/8/05;0,7518
23/8/05;-0,3086
24/8/05;-0,5494
25/8/05;0,629
26/8/05;-0,6771
29/8/05;0,6722
30/8/05;-0,4383
31/8/05;1,8777
1/9/05;1,1986
2/9/05;0,7969
6/9/05;1,2846
7/9/05;0,0413
8/9/05;-0,2571
9/9/05;1,5276
12/9/05;-0,1412
13/9/05;-1,0822
14/9/05;-0,3394
15/9/05;0,6194
16/9/05;1,3849
19/9/05;-0,2448
20/9/05;0,2408
21/9/05;0,7301
22/9/05;-0,8247
23/9/05;-0,0915
26/9/05;0,8581
27/9/05;-0,6314
28/9/05;1,0459
29/9/05;1,8433
30/9/05;-0,1584
3/10/05;0,3372
4/10/05;-0,653
5/10/05;-2,0267
6/10/05;-2,1321
7/10/05;1,4147
10/10/05;-0,3424
11/10/05;0,9116
12/10/05;-1,6575
13/10/05;0,0243
14/10/05;0,2931
17/10/05;-0,147
18/10/05;-1,6637
19/10/05;1,0728
20/10/05;-2,6537
21/10/05;1,7179
24/10/05;1,4363
25/10/05;-0,5908
26/10/05;0,2033
27/10/05;-0,9871
28/10/05;1,7234
31/10/05;1,1312
1/11/05;1,1029
2/11/05;1,0882
3/11/05;0,2153
4/11/05;-0,5353
7/11/05;0,5229
8/11/05;-0,5352
9/11/05;0,5338
10/11/05;-0,1611
11/11/05;0,5987
14/11/05;-0,7474
15/11/05;-0,8285
16/11/05;1,0968
17/11/05;1,9613
18/11/05;0,3841
21/11/05;0,3938
22/11/05;-0,1228
23/11/05;0,8038
25/11/05;-0,5757
28/11/05;-0,0397
29/11/05;-0,3749
30/11/05;-0,4593
1/12/05;2,6005
2/12/05;0,0798
5/12/05;0,8475
6/12/05;0,5825
7/12/05;-0,0761
8/12/05;0,0762
9/12/05;1,0648
12/12/05;0,5248
13/12/05;-0,1587
14/12/05;-1,518
15/12/05;-0,3442
16/12/05;-0,2072
19/12/05;-0,0085
20/12/05;-0,616
21/12/05;1,1779
22/12/05;0,7765
23/12/05;-0,2777
27/12/05;-0,2004
28/12/05;1,0072
29/12/05;0,0103
30/12/05;0,0278
3/1/06;3,3192
4/1/06;0,8291
5/1/06;-0,0637
6/1/06;1,5578
9/1/06;0,6687
10/1/06;-1,3988
11/1/06;0,9614
12/1/06;-0,8571
13/1/06;0,1812
17/1/06;-1,9845
18/1/06;-1,1841
19/1/06;2,5624
20/1/06;-2,5125
23/1/06;1,9752
24/1/06;1,3551
25/1/06;-0,4541
26/1/06;1,9804
27/1/06;1,4244
30/1/06;-0,4326
31/1/06;0,2182
1/2/06;-0,2986
2/2/06;-1,0238
3/2/06;-1,0065
6/2/06;1,1581
7/2/06;-2,7589
8/2/06;0,3458
9/2/06;1,1208
10/2/06;-1,0765
13/2/06;-1,8024
14/2/06;1,7186
15/2/06;-0,6481
16/2/06;1,7454
17/2/06;0,3538
21/2/06;-0,2612
22/2/06;0,5424
23/2/06;-0,5507
24/2/06;0,8219
27/2/06;0,0722
28/2/06;-0,5832
1/3/06;0,7513
2/3/06;0,774
3/3/06;-0,8108
6/3/06;-1,4747
7/3/06;-0,6575
8/3/06;-1,3246
9/3/06;0,4645
10/3/06;-0,3568
13/3/06;0,7465
14/3/06;1,0135
15/3/06;0,5338
16/3/06;0,3094
17/3/06;-0,1333
20/3/06;-0,007
21/3/06;-0,747
22/3/06;0,103
23/3/06;-0,152
24/3/06;1,5702
27/3/06;0,918
28/3/06;-0,5106
29/3/06;1,8761
30/3/06;2,0729
31/3/06;-0,6697
3/4/06;0,5016
4/4/06;-0,1664
5/4/06;0,5923
6/4/06;0,7975
7/4/06;-1,2392
10/4/06;1,2918
11/4/06;-0,9854
12/4/06;0,6797
13/4/06;0,0612
17/4/06;2,2208
18/4/06;1,5525
19/4/06;2,6429
20/4/06;-3,5988
21/4/06;2,9948
24/4/06;-2,1542
25/4/06;1,344
26/4/06;1,2297
27/4/06;-0,999
28/4/06;2,8953
1/5/06;0,1606
2/5/06;1,0791
3/5/06;-0,1674
4/5/06;0,5816
5/5/06;0,6929
8/5/06;-0,1899
9/5/06;1,2699
10/5/06;0,3751
11/5/06;0,0563
12/5/06;-0,3765
15/5/06;-1,9778
16/5/06;1,0139
17/5/06;-0,7633
18/5/06;0,1781
19/5/06;-0,9783
22/5/06;-0,251
23/5/06;0,5088
24/5/06;-1,3727
25/5/06;0,3097
26/5/06;0,3546
30/5/06;-0,213
31/5/06;-0,7644
1/6/06;-0,9161
2/6/06;1,4614
5/6/06;-0,473
6/6/06;-1,0807
7/6/06;-0,5545
8/6/06;-2,0187
9/6/06;-0,6131
12/6/06;-0,7173
13/6/06;-5,8553
14/6/06;-0,2923
15/6/06;2,7129
16/6/06;0,4455
19/6/06;-1,9977
20/6/06;1,397
21/6/06;1,6149
22/6/06;-0,8807
23/6/06;0,3161
26/6/06;0,509
27/6/06;-0,8891
28/6/06;-0,1465
29/6/06;3,1859
30/6/06;2,3659
3/7/06;1,3304
5/7/06;-0,9254
6/7/06;0,7576
7/7/06;0,0104
10/7/06;0,1786
11/7/06;0,4671
12/7/06;-0,6433
13/7/06;-0,5381
14/7/06;-0,3073
17/7/06;-0,5789
18/7/06;-0,4311
19/7/06;1,8291
20/7/06;-0,3471
21/7/06;-0,2149
24/7/06;0,7167
25/7/06;-0,0313
26/7/06;0,6211
27/7/06;0,2221
28/7/06;1,0368
31/7/06;-0,0327
1/8/06;-0,4437
2/8/06;0,1315
3/8/06;0,3862
4/8/06;1,0361
7/8/06;-0,4121
8/8/06;-0,8495
9/8/06;-0,3681
10/8/06;-0,1818
11/8/06;-0,5456
14/8/06;0,3142
15/8/06;0,9027
16/8/06;0,4536
17/8/06;-0,2353
18/8/06;0,3461
21/8/06;0,5823
22/8/06;0,3038
23/8/06;-0,3615
24/8/06;0,2586
25/8/06;0,0385
28/8/06;0,5177
29/8/06;0,0646
30/8/06;0,4505
31/8/06;0,2398
1/9/06;-0,3823
5/9/06;0,5821
6/9/06;-0,9572
7/9/06;-1,1504
8/9/06;0,3097
11/9/06;-0,0398
12/9/06;1,2118
13/9/06;0,2713
14/9/06;-0,3052
15/9/06;0,2219
18/9/06;-0,0323
19/9/06;-0,2104
20/9/06;0,5559
21/9/06;-0,3378
22/9/06;0,0223
25/9/06;-0,1779
26/9/06;0,1679
27/9/06;0,7012
28/9/06;-0,0753
29/9/06;-0,2051
2/10/06;-0,0248
3/10/06;0,5162
4/10/06;1,0711
5/10/06;0,3001
6/10/06;-0,6904
9/10/06;0,4644
10/10/06;0,0484
11/10/06;-0,1721
12/10/06;1,0043
13/10/06;0,5544
16/10/06;0,2139
17/10/06;-0,5005
18/10/06;0,333
19/10/06;0,3053
20/10/06;0,1772
23/10/06;0,2602
24/10/06;-0,3124
25/10/06;0,6058
26/10/06;0,8955
27/10/06;-0,6267
30/10/06;0,2112
31/10/06;0,1581
1/11/06;-0,5258
2/11/06;-0,7417
3/11/06;-0,724
6/11/06;1,1989
7/11/06;-0,1561
8/11/06;0,3361
9/11/06;-0,0614
10/11/06;0,3801
13/11/06;0,0428
14/11/06;0,842
15/11/06;0,1381
16/11/06;0,3076
17/11/06;-0,3368
20/11/06;1,6683
21/11/06;0,9317
22/11/06;0,5508
24/11/06;0,0191
27/11/06;-1,999
28/11/06;0,5487
29/11/06;1,008
30/11/06;0,6896
1/12/06;-0,5134
4/12/06;1,3431
5/12/06;1,1654
6/12/06;-0,5375
7/12/06;-0,1306
8/12/06;-0,2552
11/12/06;0,4627
12/12/06;-0,4788
13/12/06;0,5441
14/12/06;0,9722
15/12/06;-0,0078
18/12/06;-0,3737
19/12/06;-0,0648
20/12/06;-0,4418
21/12/06;-1,0265
22/12/06;-0,1977
26/12/06;0,5022
27/12/06;1,2083
28/12/06;-0,0035
29/12/06;-0,0374
3/1/07;0,7094
4/1/07;-0,9009
5/1/07;-2,1727
8/1/07;0,4215
9/1/07;-1,1244
10/1/07;-0,2838
11/1/07;1,1801
12/1/07;1,3803
16/1/07;0,262
17/1/07;-0,2223
18/1/07;-0,6376
19/1/07;1,4
22/1/07;-0,4419
23/1/07;1,5033
24/1/07;0,7319
25/1/07;-2,1073
26/1/07;0,4358
29/1/07;-0,4813
30/1/07;0,9951
31/1/07;0,6531
1/2/07;0,7128
2/2/07;0,0283
5/2/07;-0,1522
6/2/07;0,9527
7/2/07;1,0527
8/2/07;-0,4569
9/2/07;-0,9133
12/2/07;-0,9519
13/2/07;1,3643
14/2/07;0,5611
15/2/07;0,2431
16/2/07;-0,1223
20/2/07;0,54
21/2/07;-0,4318
22/2/07;-0,0658
23/2/07;-0,6497
26/2/07;0,0043
27/2/07;-4,5931
28/2/07;1,1151
1/3/07;-1,7278
2/3/07;-2,2268
5/3/07;-1,7449
6/3/07;2,4153
7/3/07;0,0796
8/3/07;0,717
9/3/07;0,0463
12/3/07;0,3309
13/3/07;-1,7428
14/3/07;0,2805
15/3/07;0,2875
16/3/07;0,5214
19/3/07;0,8359
20/3/07;0,8628
21/3/07;1,5441
22/3/07;-0,2966
23/3/07;-0,1946
26/3/07;0,3299
27/3/07;-0,4428
28/3/07;-0,229
29/3/07;0,1683
30/3/07;0,2501
2/4/07;0,2824
3/4/07;1,4405
4/4/07;0,4124
5/4/07;0,2452
9/4/07;0,2323
10/4/07;0,5774
11/4/07;-0,6574
12/4/07;1,1588
13/4/07;0,6168
16/4/07;1,192
17/4/07;-0,2123
18/4/07;-0,4114
19/4/07;-0,4081
20/4/07;1,0044
23/4/07;-0,4573
24/4/07;-0,0026
25/4/07;1,0915
26/4/07;-0,234
27/4/07;-0,2492
30/4/07;-1,2229
1/5/07;0,2718
2/5/07;0,6708
3/5/07;0,2579
4/5/07;0,718
7/5/07;0,052
8/5/07;-0,5459
9/5/07;0,361
10/5/07;-1,6124
11/5/07;1,3824
14/5/07;-0,3017
15/5/07;0,0879
16/5/07;0,5381
17/5/07;-0,2156
18/5/07;1,0202
21/5/07;-0,3003
22/5/07;0,0122
23/5/07;0,1818
24/5/07;-1,1141
25/5/07;0,6296
29/5/07;0,1931
30/5/07;0,6772
31/5/07;0,0794
1/6/07;1,4058
4/6/07;-0,1653
5/6/07;-0,3571
6/6/07;-1,8132
7/6/07;-1,6988
8/6/07;1,5224
11/6/07;0,46
12/6/07;-1,3731
13/6/07;1,6946
14/6/07;1,0977
15/6/07;1,264
18/6/07;0,0166
19/6/07;0,1594
20/6/07;-1,0976
21/6/07;0,9129
22/6/07;-1,1252
25/6/07;-0,5967
26/6/07;-0,8909
27/6/07;1,3969
28/6/07;0,0166
29/6/07;0,2309
2/7/07;1,6967
3/7/07;0,6395
5/7/07;0,3564
6/7/07;1,3874
9/7/07;0,7864
10/7/07;-1,5885
11/7/07;0,665
12/7/07;1,7756
13/7/07;1,0094
16/7/07;-0,7921
17/7/07;-0,0548
18/7/07;-0,9963
19/7/07;0,8094
20/7/07;-0,5492
23/7/07;2,3402
24/7/07;-2,7835
25/7/07;0,4688
26/7/07;-4,1174
27/7/07;-1,0283
30/7/07;2,5957
31/7/07;-1,619
1/8/07;-0,358
2/8/07;0,9865
3/8/07;-3,7794
6/8/07;1,399
7/8/07;0,6779
8/8/07;2,8255
9/8/07;-3,6503
10/8/07;-1,4972
13/8/07;0,8279
14/8/07;-2,2044
15/8/07;-3,3693
16/8/07;-1,5096
17/8/07;2,6792
20/8/07;0,1993
21/8/07;-0,2936
22/8/07;3,7086
23/8/07;0,4865
24/8/07;2,1763
27/8/07;0,44
28/8/07;-3,5863
29/8/07;3,4653
30/8/07;-0,3856
31/8/07;2,2448
4/9/07;1,6563
5/9/07;-1,3677
6/9/07;0,8023
7/9/07;-2,0245
10/9/07;0,0845
11/9/07;1,9352
12/9/07;0,3034
13/9/07;0,9539
14/9/07;0,1676
17/9/07;-0,5088
18/9/07;4,429
19/9/07;0,3869
20/9/07;-0,1705
21/9/07;1,1603
24/9/07;1,104
25/9/07;-0,2632
26/9/07;1,162
27/9/07;1,39
28/9/07;-0,4999
1/10/07;1,5795
2/10/07;0,0549
3/10/07;-1,3559
4/10/07;0,6454
5/10/07;1,1337
8/10/07;-0,5655
9/10/07;0,5714
10/10/07;0,1839
11/10/07;-0,3209
12/10/07;0,7813
15/10/07;-0,35
16/10/07;-0,6263
17/10/07;1,1263
18/10/07;0,591
19/10/07;-1,4116
22/10/07;0,0585
23/10/07;1,1416
24/10/07;-0,0436
25/10/07;0,8419
26/10/07;1,359
29/10/07;1,2933
30/10/07;-1,2231
31/10/07;0,989
1/11/07;-1,3294
2/11/07;0,5145
5/11/07;-1,3643
6/11/07;1,3736
7/11/07;-1,2058
8/11/07;0,2903
9/11/07;-0,3876
12/11/07;-1,9034
13/11/07;2,0901
14/11/07;0,0859
15/11/07;-0,6085
16/11/07;0,5806
19/11/07;-1,286
20/11/07;0,9455
21/11/07;-1,4166
23/11/07;1,103
26/11/07;-0,5659
27/11/07;0,7693
28/11/07;1,546
29/11/07;-0,0347
30/11/07;0,186
3/12/07;0,4525
4/12/07;0,4543
5/12/07;-0,4348
6/12/07;1,6593
7/12/07;-0,4321
10/12/07;0,063
11/12/07;0,3748
12/12/07;2,5986
13/12/07;-1,2518
14/12/07;-0,7357
17/12/07;-0,6879
18/12/07;-0,091
19/12/07;0,859
20/12/07;-0,3721
21/12/07;1,2764
24/12/07;0,6407
26/12/07;1,1269
27/12/07;0,1532
28/12/07;-0,1042
31/12/07;0,0082
2/1/08;2,3789
3/1/08;0,6355
4/1/08;-0,6305
7/1/08;-1,2607
8/1/08;0,6171
9/1/08;-0,5322
10/1/08;-0,4608
11/1/08;0,6359
14/1/08;1,102
15/1/08;-1,0433
16/1/08;-1,0924
17/1/08;-0,9296
18/1/08;0,3313
22/1/08;-0,2256
23/1/08;-1,4069
24/1/08;1,6263
25/1/08;1,8446
28/1/08;0,4382
29/1/08;0,5033
30/1/08;-0,812
31/1/08;0,6129
1/2/08;-1,6132
4/2/08;0,3369
5/2/08;-0,7916
6/2/08;0,3737
7/2/08;0,5051
8/2/08;1,7998
11/2/08;0,4393
12/2/08;-1,6198
13/2/08;0,099
14/2/08;0,6564
15/2/08;-0,285
19/2/08;2,0756
20/2/08;0,9806
21/2/08;-0,0363
22/2/08;0,4816
25/2/08;-0,0518
26/2/08;1,3464
27/2/08;0,4366
28/2/08;1,1738
29/2/08;-0,2602
3/3/08;0,8605
4/3/08;-0,2781
5/3/08;0,834
6/3/08;0,6236
7/3/08;-0,1869
10/3/08;1,2031
11/3/08;0,05
12/3/08;1,0134
13/3/08;-0,339
14/3/08;0,08
17/3/08;-2,2782
18/3/08;0,8314
19/3/08;-1,5198
20/3/08;-1,4678
24/3/08;-0,3758
25/3/08;0,2986
26/3/08;1,371
27/3/08;0,5674
28/3/08;-0,5232
31/3/08;-0,8163
1/4/08;-1,4028
2/4/08;2,5188
3/4/08;0,3287
4/4/08;0,8355
7/4/08;0,8438
8/4/08;-0,2995
9/4/08;1,8115
10/4/08;-0,4857
11/4/08;-0,3134
14/4/08;0,1097
15/4/08;0,6168
16/4/08;1,0839
17/4/08;-0,565
18/4/08;-0,9596
21/4/08;-0,0837
22/4/08;0,3114
23/4/08;-0,9678
24/4/08;-2,0023
25/4/08;0,6383
28/4/08;0,6178
29/4/08;-1,9442
30/4/08;0,4523
1/5/08;-2,1198
2/5/08;1,4
5/5/08;1,7393
6/5/08;0,8461
7/5/08;-0,7331
8/5/08;1,4577
9/5/08;0,6467
12/5/08;-0,7014
13/5/08;-0,5616
14/5/08;-0,7188
15/5/08;1,6531
16/5/08;1,7518
19/5/08;0,2221
20/5/08;1,1431
21/5/08;1,5216
22/5/08;-1,1235
23/5/08;0,0671
27/5/08;-1,5428
28/5/08;0,2438
29/5/08;-2,409
30/5/08;0,7669
2/6/08;0,5777
3/6/08;-1,1892
4/6/08;-0,7954
5/6/08;1,6754
6/6/08;1,2771
9/6/08;0,0794
10/6/08;-0,7353
11/6/08;1,4658
12/6/08;-0,4377
13/6/08;-0,0683
16/6/08;0,2231
17/6/08;0,5469
18/6/08;0,7667
19/6/08;-1,118
20/6/08;0,0789
23/6/08;0,1295
24/6/08;0,216
25/6/08;0,0105
26/6/08;1,5269
27/6/08;0,416
30/6/08;-0,7512
1/7/08;0,5581
2/7/08;0,4773
3/7/08;-1,0339
7/7/08;-0,7841
8/7/08;-0,3569
9/7/08;0,6122
10/7/08;1,9325
11/7/08;1,5217
14/7/08;0,6858
15/7/08;0,2389
16/7/08;-1,5645
17/7/08;-0,2224
18/7/08;-0,029
21/7/08;0,8651
22/7/08;-1,8787
23/7/08;-2,3156
24/7/08;0,7224
25/7/08;0,344
28/7/08;0,0378
29/7/08;-1,0761
30/7/08;-1,018
31/7/08;0,5398
1/8/08;-0,2754
4/8/08;-0,4379
5/8/08;-0,411
6/8/08;-0,1426
7/8/08;0,4246
8/8/08;-0,3659
11/8/08;-0,6121
12/8/08;0,0693
13/8/08;0,3099
14/8/08;-0,0226
15/8/08;-0,1119
18/8/08;0,1451
19/8/08;0,204
20/8/08;0,1912
21/8/08;0,5467
22/8/08;-0,4938
25/8/08;0,0977
26/8/08;0,047
27/8/08;0,1776
28/8/08;-0,1931
29/8/08;-0,1887
2/9/08;0,1733
3/9/08;0,273
4/9/08;0,4952
5/9/08;-0,0999
8/9/08;0,2949
9/9/08;0,4924
10/9/08;-0,443
11/9/08;-0,0954
12/9/08;-0,9066
15/9/08;2,1726
16/9/08;-0,127
17/9/08;0,6326
18/9/08;-1,1358
19/9/08;-2,2318
22/9/08;0,2206
23/9/08;-0,2814
24/9/08;0,2075
25/9/08;-0,0147
26/9/08;0,49
29/9/08;1,8304
30/9/08;-1,7209
1/10/08;0,5083
2/10/08;0,2958
3/10/08;0,3543
6/10/08;0,7223
7/10/08;-0,1366
8/10/08;-0,6379
9/10/08;-0,2501
10/10/08;-0,2313
13/10/08;-0,748
14/10/08;-0,1518
15/10/08;0,3924
16/10/08;-0,2319
17/10/08;-0,4046
20/10/08;0,4617
21/10/08;0,2102
22/10/08;0,7315
23/10/08;0,3778
24/10/08;-0,4962
27/10/08;0,1202
28/10/08;-0,6003
29/10/08;-0,2664
30/10/08;-0,2828
31/10/08;-0,5797
3/11/08;-0,0703
4/11/08;1,135
5/11/08;0,7254
6/11/08;-0,4085
7/11/08;-0,3956
10/11/08;0,2904
11/11/08;0,1788
12/11/08;0,3932
13/11/08;-1,4543
14/11/08;1,1921
17/11/08;0,2761
18/11/08;0,7597
19/11/08;1,5589
20/11/08;3,1962
21/11/08;-0,9121
24/11/08;-0,9731
25/11/08;1,8305
26/11/08;0,0924
28/11/08;0,7191
1/12/08;2,5004
2/12/08;0,308
3/12/08;0,2266
4/12/08;1,5829
5/12/08;-1,3069
8/12/08;-0,1746
9/12/08;1,5889
10/12/08;-0,1937
11/12/08;0,1582
12/12/08;0
15/12/08;0,9187
16/12/08;1,9984
17/12/08;2,2033
18/12/08;1,7124
19/12/08;0,0871
22/12/08;-0,6299
23/12/08;-0,1079
24/12/08;-0,1756
26/12/08;0,2706
29/12/08;-0,371
30/12/08;0,7785
31/12/08;-1,713
2/1/09;0,7568
5/1/09;-1,5499
6/1/09;0,5877
7/1/09;-2,5417
8/1/09;1,678
9/1/09;-0,5992
12/1/09;-3,1886
13/1/09;0,1508
14/1/09;-1,1784
15/1/09;0,6445
16/1/09;2,5534
20/1/09;1,8162
21/1/09;-0,4492
22/1/09;0,385
23/1/09;4,028
26/1/09;0,4013
27/1/09;-0,4946
28/1/09;-0,9442
29/1/09;1,9609
30/1/09;1,8468
2/2/09;-2,3994
3/2/09;-0,4091
4/2/09;0,6675
5/2/09;0,8987
6/2/09;-0,4344
9/2/09;-1,0892
10/2/09;1,9107
11/2/09;1,9602
12/2/09;0,7813
13/2/09;-0,6333
17/2/09;2,805
18/2/09;1,255
19/2/09;-1,0643
20/2/09;1,8968
23/2/09;-0,0751
24/2/09;-2,7956
25/2/09;-1,5322
26/2/09;-0,1867
27/2/09;-0,4814
2/3/09;-1,5436
3/3/09;-0,8485
4/3/09;-1,006
5/3/09;2,9066
6/3/09;0,2792
9/3/09;-1,6132
10/3/09;-2,3165
11/3/09;1,054
12/3/09;1,8095
13/3/09;0,1867
16/3/09;-0,4763
17/3/09;-0,7141
18/3/09;2,9253
19/3/09;1,1642
20/3/09;-0,6936
23/3/09;-1,3963
24/3/09;-1,0648
25/3/09;0,9843
26/3/09;-0,05
27/3/09;-1,164
30/3/09;-0,679
31/3/09;0,2816
1/4/09;2,182
2/4/09;1,0089
3/4/09;-0,1691
6/4/09;-1,7102
7/4/09;-0,266
8/4/09;0,6272
9/4/09;1,6831
13/4/09;1,1104
14/4/09;-0,9473
15/4/09;0,702
16/4/09;-0,5096
17/4/09;-0,7338
20/4/09;-1,289
21/4/09;0,8397
22/4/09;-0,0869
23/4/09;1,452
24/4/09;1,3006
27/4/09;-1,7914
28/4/09;-0,7715
29/4/09;2,4948
30/4/09;-0,1785
1/5/09;0,4294
4/5/09;4,2782
5/5/09;-0,6389
6/5/09;1,4928
7/5/09;-1,3977
8/5/09;1,8701
11/5/09;-1,256
12/5/09;0,7807
13/5/09;-1,7186
14/5/09;0,7096
15/5/09;-0,1712
18/5/09;2,1443
19/5/09;0,8788
20/5/09;0,7733
21/5/09;-0,2176
22/5/09;0,3394
26/5/09;0,5969
27/5/09;-0,7447
28/5/09;1,93
29/5/09;1,7622
1/6/09;1,8986
2/6/09;-0,2211
3/6/09;-2,6107
4/6/09;1,7668
5/6/09;-1,2255
8/6/09;-0,7497
9/6/09;0,3401
10/6/09;0,5117
11/6/09;0,891
12/6/09;-1,4646
15/6/09;-2,3783
16/6/09;-0,3332
17/6/09;-0,1416
18/6/09;-0,5242
19/6/09;0,5118
22/6/09;-2,7137
23/6/09;0,2528
24/6/09;1,2564
25/6/09;1,8309
26/6/09;0,1929
29/6/09;0,2558
30/6/09;-0,8812
1/7/09;1,4893
2/7/09;-2,0902
6/7/09;-0,3064
7/7/09;-1,3883
8/7/09;-1,1132
9/7/09;0,9228
10/7/09;-0,5347
13/7/09;0,8681
14/7/09;0,7497
15/7/09;3,3351
16/7/09;0,085
17/7/09;0,4009
20/7/09;2,3078
21/7/09;-0,0498
22/7/09;0,1942
23/7/09;1,3724
24/7/09;-0,0512
27/7/09;0,4809
28/7/09;-0,9378
29/7/09;-1,2863
30/7/09;1,445
31/7/09;1,0472
3/8/09;2,0536
4/8/09;0,3436
5/8/09;-0,0948
6/8/09;-0,4964
7/8/09;0,4911
10/8/09;-0,9666
11/8/09;-1,1023
12/8/09;0,583
13/8/09;1,1623
14/8/09;-1,1078
17/8/09;-2,878
18/8/09;1,2271
19/8/09;0,3298
20/8/09;0,9985
21/8/09;1,587
24/8/09;-0,4196
25/8/09;0,2395
26/8/09;-0,0769
27/8/09;0,2007
28/8/09;0,1396
31/8/09;-1,1619
1/9/09;-1,8162
2/9/09;0,4171
3/9/09;1,3499
4/9/09;0,4358
8/9/09;1,4685
9/9/09;0,6461
10/9/09;1,0044
11/9/09;0,3612
14/9/09;0,7208
15/9/09;1,1933
16/9/09;2,2468
17/9/09;-0,5004
18/9/09;-0,2795
21/9/09;-0,9918
22/9/09;2,109
23/9/09;-2,1028
24/9/09;-2,5663
25/9/09;-0,2364
28/9/09;1,8077
29/9/09;-0,6451
30/9/09;0,4906
1/10/09;-2,4602
2/10/09;-0,2021
5/10/09;2,0466
6/10/09;1,0542
7/10/09;0,0807
8/10/09;1,547
9/10/09;-0,0121
12/10/09;0,4251
13/10/09;-0,1808
14/10/09;1,496
15/10/09;-0,8982
16/10/09;-0,9861
19/10/09;1,5272
20/10/09;-1,1525
21/10/09;-0,211
22/10/09;1,1575
23/10/09;-0,831
26/10/09;-0,9985
27/10/09;-0,6445
28/10/09;-2,4
29/10/09;2,9983
30/10/09;-1,0031
2/11/09;1,0316
3/11/09;2,1359
4/11/09;0,5506
5/11/09;0,1826
6/11/09;0,4216
9/11/09;0,9059
10/11/09;0,1784
11/11/09;1,0439
12/11/09;-1,2043
13/11/09;1,3161
16/11/09;1,6569
17/11/09;0,293
18/11/09;0,175
19/11/09;-0,1501
20/11/09;0,4396
23/11/09;1,2272
24/11/09;0,3227
25/11/09;1,4855
27/11/09;-1,3672
30/11/09;0,4685
1/12/09;1,4547
2/12/09;1,2577
3/12/09;-0,4616
4/12/09;-3,1951
7/12/09;-0,5094
8/12/09;-1,713
9/12/09;-0,1602
10/12/09;-0,041
11/12/09;-0,9431
14/12/09;0,8596
15/12/09;-0,1054
16/12/09;1,1628
17/12/09;-3,2791
18/12/09;1,2793
21/12/09;-1,3438
22/12/09;-0,4261
23/12/09;0,4838
24/12/09;1,4305
28/12/09;0,2628
29/12/09;-0,8063
30/12/09;-0,4084
31/12/09;0,0968
4/1/10;1,6215
5/1/10;-0,0627
6/1/10;0,7161
7/1/10;0,1373
8/1/10;0,0181
11/1/10;0,9215
12/1/10;-1,8021
13/1/10;1,3758
14/1/10;0,1931
15/1/10;-0,9874
19/1/10;1,2402
20/1/10;-1,769
21/1/10;-2,1536
22/1/10;-1,3921
25/1/10;0,5624
26/1/10;-0,384
27/1/10;-0,0409
28/1/10;-0,6081
29/1/10;-0,6042
1/2/10;1,8611
2/2/10;0,9526
3/2/10;-0,5399
4/2/10;-3,5921
5/2/10;0,4785
8/2/10;-0,9025
9/2/10;1,2198
10/2/10;-0,0022
11/2/10;1,6733
12/2/10;0,3954
16/2/10;2,0225
17/2/10;0,278
18/2/10;0,7891
19/2/10;-0,1232
22/2/10;-0,0001
23/2/10;-1,1169
24/2/10;0,3425
25/2/10;0,3855
26/2/10;0,2333
1/3/10;0,7017
2/3/10;0,6722
3/3/10;0,1432
4/3/10;0,0387
5/3/10;1,4974
8/3/10;0,1706
9/3/10;0,1156
10/3/10;0,0945
11/3/10;0,375
12/3/10;0,1509
15/3/10;-0,0064
16/3/10;1,9862
17/3/10;0,4969
18/3/10;-0,0052
19/3/10;-1,3699
22/3/10;0,5875
23/3/10;0,193
24/3/10;-0,5615
25/3/10;-0,1339
26/3/10;0,3769
29/3/10;0,2733
30/3/10;-0,2958
31/3/10;-0,3051
1/4/10;0,8582
5/4/10;1,2841
6/4/10;1,028
7/4/10;-0,4908
8/4/10;0,1656
9/4/10;1,0424
12/4/10;-0,5121
13/4/10;0,8947
14/4/10;0,4319
15/4/10;-0,8957
16/4/10;-2,1471
19/4/10;0,1396
20/4/10;0,9599
21/4/10;1,01
22/4/10;0,5428
23/4/10;1,1223
26/4/10;0,1343
27/4/10;-1,1923
28/4/10;0,119
29/4/10;2,1167
30/4/10;-1,2333
3/5/10;1,6514
4/5/10;-1,622
5/5/10;-0,5255
6/5/10;-0,693
7/5/10;-0,9936
10/5/10;2,8445
11/5/10;1,4555
12/5/10;1,1379
13/5/10;-1,1533
14/5/10;-1,5616
17/5/10;-0,3308
18/5/10;-1,1051
19/5/10;-1,6127
20/5/10;-2,7908
21/5/10;1,1624
24/5/10;-0,2814
25/5/10;0,5364
26/5/10;0,2806
27/5/10;2,6042
28/5/10;-0,5313
1/6/10;-0,3548
2/6/10;0,2216
3/6/10;-1,2476
4/6/10;0,1713
7/6/10;1,4772
8/6/10;-0,2424
9/6/10;-0,2775
10/6/10;-0,6548
11/6/10;0,9275
14/6/10;-0,1705
15/6/10;1,3253
16/6/10;-0,5649
17/6/10;1,1496
18/6/10;0,6427
21/6/10;-1,8416
22/6/10;0,4207
23/6/10;-0,3584
24/6/10;-0,0544
25/6/10;1,3215
28/6/10;-1,2976
29/6/10;-0,3306
30/6/10;0,1558
1/7/10;-3,3264
2/7/10;0,8845
6/7/10;-1,5384
7/7/10;1,1428
8/7/10;-0,3406
9/7/10;0,8963
12/7/10;-0,7257
13/7/10;0,8648
14/7/10;-0,0193
15/7/10;-0,0078
16/7/10;-1,3335
19/7/10;-0,652
20/7/10;0,8261
21/7/10;-0,6229
22/7/10;0,9338
23/7/10;-0,5492
26/7/10;-0,2499
27/7/10;-1,5577
28/7/10;0,2107
29/7/10;0,3158
30/7/10;1,0516
2/8/10;1,1136
3/8/10;-0,3084
4/8/10;0,6348
5/8/10;-0,5156
6/8/10;0,1195
9/8/10;0,3876
10/8/10;-0,4143
11/8/10;-1,5209
12/8/10;0,018
13/8/10;0,0226
16/8/10;0,4257
17/8/10;1,1098
18/8/10;0,2282
19/8/10;-1,1454
20/8/10;-0,3333
23/8/10;-0,3715
24/8/10;-0,0289
25/8/10;1,0769
26/8/10;-0,4708
27/8/10;0,9006
30/8/10;-0,495
31/8/10;0,8518
1/9/10;0,5907
2/9/10;0,5235
3/9/10;-0,1241
7/9/10;0,3882
8/9/10;0,0946
9/9/10;-0,8491
10/9/10;0,1817
13/9/10;0,1992
14/9/10;1,6685
15/9/10;0,0126
16/9/10;0,4089
17/9/10;-0,0516
20/9/10;0,501
21/9/10;0,6646
22/9/10;0,0434
23/9/10;-0,1401
24/9/10;0,5187
27/9/10;-0,0733
28/9/10;0,8484
29/9/10;0,0404
30/9/10;0,0322
1/10/10;0,8574
4/10/10;-0,3778
5/10/10;1,9251
6/10/10;0,2157
7/10/10;-0,9038
8/10/10;1,0699
11/10/10;0,1968
12/10/10;-0,265
13/10/10;1,6633
14/10/10;0,1453
15/10/10;-0,2957
18/10/10;0,2056
19/10/10;-2,9905
20/10/10;1,2229
21/10/10;-0,6454
22/10/10;0,1902
25/10/10;0,9419
26/10/10;-0,0114
27/10/10;-1,257
28/10/10;0,9276
29/10/10;0,6063
1/11/10;0,1207
2/11/10;0,7855
3/11/10;-0,068
4/11/10;2,2944
5/11/10;0,1075
8/11/10;0,5125
9/11/10;-1,0803
10/11/10;0,8482
11/11/10;-0,2115
12/11/10;-2,2722
15/11/10;-0,6251
16/11/10;-1,4536
17/11/10;-0,041
18/11/10;1,5205
19/11/10;0,0788
22/11/10;0,8237
23/11/10;-0,6263
24/11/10;1,0024
26/11/10;-0,9419
29/11/10;0,2562
30/11/10;0,0481
1/12/10;1,0359
2/12/10;0,4777
3/12/10;1,3375
6/12/10;0,6392
7/12/10;-0,6015
8/12/10;-0,5834
9/12/10;0,3647
10/12/10;0,6517
13/12/10;-0,0536
14/12/10;0,0307
15/12/10;-0,6738
16/12/10;0,1904
17/12/10;0,2728
20/12/10;0,5026
21/12/10;0,6445
22/12/10;-0,3228
23/12/10;-0,2082
27/12/10;0,271
28/12/10;0,5878
29/12/10;0,2804
30/12/10;-0,3316
31/12/10;0,2208
3/1/11;0,6298
4/1/11;-1,6636
5/1/11;0,3838
6/1/11;-0,4235
7/1/11;-0,3855
10/1/11;0,374
11/1/11;0,5155
12/1/11;0,7179
13/1/11;-0,5486
14/1/11;-0,084
18/1/11;0,2919
19/1/11;-1,0884
20/1/11;-1,4095
21/1/11;-0,4551
24/1/11;0,2137
25/1/11;-0,0581
26/1/11;1,1169
27/1/11;-0,9742
28/1/11;-0,5921
31/1/11;0,2445
1/2/11;1,5095
2/2/11;0,2666
3/2/11;-0,1908
4/2/11;0,0335
7/2/11;0,2164
8/2/11;0,6683
9/2/11;0,0937
10/2/11;-0,2015
11/2/11;0,2739
14/2/11;0,3414
15/2/11;-0,6192
16/2/11;0,7265
17/2/11;0,1824
18/2/11;-0,1068
22/2/11;-1,7859
23/2/11;0,3781
24/2/11;-0,0617
25/2/11;1,7521
28/2/11;0,2487
1/3/11;0,9471
2/3/11;0,1181
3/3/11;-0,2342
4/3/11;0,4332
7/3/11;-0,346
8/3/11;-0,3383
9/3/11;0,1204
10/3/11;-1,5111
11/3/11;-0,1181
14/3/11;-0,2121
15/3/11;-2,409
16/3/11;-0,2783
17/3/11;1,8755
18/3/11;0,779
21/3/11;0,8157
22/3/11;0,2128
23/3/11;0,4759
24/3/11;-0,0023
25/3/11;0,0044
28/3/11;-0,8213
29/3/11;0,23
30/3/11;0,2498
31/3/11;0,9026
1/4/11;0,1019
4/4/11;0,5924
5/4/11;0,6387
6/4/11;0,2823
7/4/11;0,0861
8/4/11;1,2288
11/4/11;-1,1515
12/4/11;-1,3286
13/4/11;0,504
14/4/11;0,6616
15/4/11;0,5768
18/4/11;-0,2752
19/4/11;0,1808
20/4/11;1,1714
21/4/11;0,5001
25/4/11;-0,1207
26/4/11;-0,0007
27/4/11;1,0968
28/4/11;-0,1585
29/4/11;1,1614
2/5/11;-1,0251
3/5/11;-0,3945
4/5/11;-1,2397
5/5/11;-2,4043
6/5/11;1,0057
9/5/11;1,2266
10/5/11;0,502
11/5/11;-0,9248
12/5/11;0,1117
13/5/11;-0,7264
16/5/11;-0,294
17/5/11;-0,33
18/5/11;0,6562
19/5/11;0,0921
20/5/11;0,8174
23/5/11;-0,0599
24/5/11;0,3857
25/5/11;0,0726
26/5/11;-0,0353
27/5/11;0,8965
31/5/11;0,2491
1/6/11;-1,4032
2/6/11;-0,4651
3/6/11;0,3161
6/6/11;-0,6976
7/6/11;0,477
8/6/11;-0,3934
9/6/11;-0,2233
10/6/11;-1,6699
13/6/11;-0,3089
14/6/11;1,1078
15/6/11;-0,7021
16/6/11;0,3232
17/6/11;0,7491
20/6/11;0,64
21/6/11;0,7282
22/6/11;-0,1127
23/6/11;-1,742
24/6/11;-1,083
27/6/11;0,0728
28/6/11;0,6505
29/6/11;0,8168
30/6/11;-0,208
1/7/11;0,0312
5/7/11;1,6596
6/7/11;0,8282
7/7/11;0,3228
8/7/11;0,5895
11/7/11;0,5174
12/7/11;0,6634
13/7/11;0,7748
14/7/11;0,0658
15/7/11;0,4848
18/7/11;0,626
19/7/11;-0,8295
20/7/11;0,8032
21/7/11;-0,5574
22/7/11;0,7664
25/7/11;0,5465
26/7/11;0,2059
27/7/11;-0,6841
28/7/11;0,0689
29/7/11;0,5346
1/8/11;-0,4442
2/8/11;1,889
3/8/11;-0,1632
4/8/11;-1,0003
5/8/11;0,4878
8/8/11;2,2019
9/8/11;1,3123
10/8/11;3,04
11/8/11;-1,5641
12/8/11;-0,4138
15/8/11;1,2279
16/8/11;1,0738
17/8/11;0,3208
18/8/11;1,2802
19/8/11;1,1172
22/8/11;2,3147
23/8/11;-3,1703
24/8/11;-3,0002
25/8/11;0,2894
26/8/11;2,7603
29/8/11;-1,5884
30/8/11;2,745
31/8/11;-0,6115
1/9/11;0,1838
2/9/11;2,8124
6/9/11;-0,029
7/9/11;-2,7458
8/9/11;2,2048
9/9/11;-0,4454
12/9/11;-1,7808
13/9/11;0,6211
14/9/11;-0,5089
15/9/11;-1,4489
16/9/11;0,815
19/9/11;-1,0738
20/9/11;1,1778
21/9/11;-0,612
22/9/11;-1,7296
23/9/11;-4,6785
26/9/11;-1,3139
27/9/11;1,3634
28/9/11;-2,3193
29/9/11;0,9213
30/9/11;0,3532
3/10/11;1,4816
4/10/11;-1,8265
5/10/11;0,9505
6/10/11;0,5376
7/10/11;-0,7346
10/10/11;2,1997
11/10/11;-0,5922
12/10/11;0,5963
13/10/11;-0,5042
14/10/11;0,5673
17/10/11;-0,3639
18/10/11;-0,4311
19/10/11;-1,0378
20/10/11;-1,146
21/10/11;0,9673
24/10/11;0,7942
25/10/11;2,5308
26/10/11;0,9161
27/10/11;1,0708
28/10/11;0,0858
31/10/11;-1,114
1/11/11;0,0321
2/11/11;0,8467
3/11/11;1,4179
4/11/11;-0,4683
7/11/11;2,1929
8/11/11;-0,7274
9/11/11;-0,8404
10/11/11;-0,5688
11/11/11;1,5221
14/11/11;-0,3239
15/11/11;0,1444
16/11/11;-0,9825
17/11/11;-2,3427
18/11/11;0,2188
21/11/11;-2,2236
22/11/11;1,0574
23/11/11;-0,3313
25/11/11;-0,9011
28/11/11;1,9344
29/11/11;0,0363
30/11/11;1,828
1/12/11;-0,2613
2/12/11;0,2846
5/12/11;-1,3002
6/12/11;0,313
7/12/11;0,6757
8/12/11;-1,5786
9/12/11;-0,0669
12/12/11;-2,1389
13/12/11;-1,7477
14/12/11;-2,7306
15/12/11;-0,3669
16/12/11;1,7922
19/12/11;-0,007
20/12/11;0,7762
21/12/11;-0,1067
22/12/11;-0,5482
23/12/11;-0,0153
27/12/11;-0,7437
28/12/11;-1,8677
29/12/11;-0,3598
30/12/11;0,9792
3/1/12;0,9427
4/1/12;-0,9145
5/1/12;0,4854
6/1/12;0,088
9/1/12;-0,1413
10/1/12;0,3633
11/1/12;0,6017
12/1/12;-0,4203
13/1/12;0,3498
17/1/12;0,483
18/1/12;0,1289
19/1/12;-0,1486
20/1/12;0,0606
23/1/12;0,0641
24/1/12;0,3882
25/1/12;0,8858
26/1/12;0,684
27/1/12;0,1393
30/1/12;-0,073
31/1/12;0,5714
1/2/12;0,3875
2/2/12;0,3082
3/2/12;1,1592
6/2/12;-0,203
7/2/12;0,0765
8/2/12;0,2847
9/2/12;-0,0184
10/2/12;-0,7892
13/2/12;0,9193
14/2/12;-0,3659
15/2/12;-0,5681
16/2/12;1,1325
17/2/12;-0,1382
21/2/12;-0,4387
22/2/12;-0,5301
23/2/12;0,8871
24/2/12;0,1945
27/2/12;-0,0261
28/2/12;0,292
29/2/12;-0,7503
1/3/12;0,6859
2/3/12;-0,1869
5/3/12;-0,9162
6/3/12;-1,0804
7/3/12;0,7771
8/3/12;1,0862
9/3/12;0,4769
12/3/12;0,0275
13/3/12;1,8648
14/3/12;0,2396
15/3/12;0,3414
16/3/12;-0,2335
19/3/12;0,6949
20/3/12;0,0769
21/3/12;0,0006
22/3/12;-0,2916
23/3/12;0,0115
26/3/12;1,7485
27/3/12;0,0612
28/3/12;-0,4146
29/3/12;-0,3628
30/3/12;-0,1616
2/4/12;0,9925
3/4/12;-0,1213
4/4/12;-1,3365
5/4/12;0,442
9/4/12;-0,8568
10/4/12;-1,6963
11/4/12;0,6179
12/4/12;1,189
13/4/12;-1,4104
16/4/12;-0,7997
17/4/12;1,8766
18/4/12;-0,3214
19/4/12;-0,9823
20/4/12;-0,0874
23/4/12;-0,948
24/4/12;-0,2513
25/4/12;2,3917
26/4/12;0,5977
27/4/12;0,5879
30/4/12;-0,6861
1/5/12;0,5475
2/5/12;0,0417
3/5/12;-0,7068
4/5/12;-1,6756
7/5/12;0,381
8/5/12;-0,2833
9/5/12;-0,3333
10/5/12;-0,0431
11/5/12;0,0749
14/5/12;-1,1035
15/5/12;-0,4388
16/5/12;-0,8605
17/5/12;-2,454
18/5/12;-1,2286
21/5/12;2,4319
22/5/12;0,0501
23/5/12;0,1602
24/5/12;-0,0796
25/5/12;-0,2689
29/5/12;1,3383
30/5/12;-1,609
31/5/12;0,1404
1/6/12;-1,8145
4/6/12;-0,5018
5/6/12;0,7411
6/6/12;0,5863
7/6/12;-0,3261
8/6/12;0,6993
11/6/12;-1,0183
12/6/12;0,2425
13/6/12;-0,0261
14/6/12;0,6191
15/6/12;0,6148
18/6/12;0,4456
19/6/12;-0,0169
20/6/12;-0,0116
21/6/12;-0,8796
22/6/12;-0,3556
25/6/12;-0,2651
26/6/12;0,0808
27/6/12;0,2489
28/6/12;0,5678
29/6/12;0,9608
2/7/12;0,554
3/7/12;0,7106
5/7/12;-0,2885
6/7/12;-0,5349
9/7/12;-0,0458
10/7/12;-1,0172
11/7/12;-0,2058
12/7/12;-0,3225
13/7/12;1,3931
16/7/12;-0,0543
17/7/12;0,7392
18/7/12;0,3885
19/7/12;0,0375
20/7/12;-0,9246
23/7/12;-0,9729
24/7/12;-0,5806
25/7/12;-0,33
26/7/12;1,1415
27/7/12;1,6693
30/7/12;0,1814
31/7/12;-0,1308
1/8/12;0,2204
2/8/12;0,2019
3/8/12;0,0733
6/8/12;-0,0172
7/8/12;-0,8062
8/8/12;-0,5059
9/8/12;-0,2347
10/8/12;0,1568
13/8/12;-0,1109
14/8/12;-0,4554
15/8/12;-0,2702
16/8/12;0,1482
17/8/12;0,1306
20/8/12;-0,1288
21/8/12;0,1837
22/8/12;0,5112
23/8/12;0,1007
24/8/12;0,136
27/8/12;0,3477
28/8/12;0,296
29/8/12;-0,2073
30/8/12;-0,0674
31/8/12;0,5196
4/9/12;-0,3894
5/9/12;-0,286
6/9/12;1,0858
7/9/12;0,4499
10/9/12;-0,5932
11/9/12;0,0407
12/9/12;0,3923
13/9/12;1,0325
14/9/12;0,9445
17/9/12;-1,2826
18/9/12;-0,3557
19/9/12;-0,6172
20/9/12;0,11
21/9/12;0,182
24/9/12;-0,8336
25/9/12;-0,7206
26/9/12;-0,7126
27/9/12;1,2544
28/9/12;-0,1278
1/10/12;0,0687
2/10/12;0,0901
3/10/12;0,4104
4/10/12;0,5341
5/10/12;-0,5147
8/10/12;-0,6034
9/10/12;-1,0968
10/10/12;-0,3181
11/10/12;-0,0092
12/10/12;-0,3898
15/10/12;-0,0774
16/10/12;1,0243
17/10/12;0,036
18/10/12;-0,7662
19/10/12;-1,7305
22/10/12;0,4119
23/10/12;-1,1377
24/10/12;-0,3436
25/10/12;0,349
26/10/12;0,1056
31/10/12;-0,0293
1/11/12;0,9877
2/11/12;-1,1242
5/11/12;-0,0548
6/11/12;1,0183
7/11/12;-1,8027
8/11/12;-1,0084
9/11/12;-0,1201
12/11/12;0,1119
13/11/12;-0,3299
14/11/12;-1,0653
15/11/12;-0,1738
16/11/12;-0,0391
19/11/12;2,0703
20/11/12;0,1538
21/11/12;0,2596
23/11/12;1,8361
26/11/12;-0,2055
27/11/12;-0,5406
28/11/12;0,7282
29/11/12;0,6661
30/11/12;0,0026
3/12/12;0,5491
4/12/12;0,2456
5/12/12;0,2401
6/12/12;0,1487
7/12/12;-0,1586
10/12/12;0,1551
11/12/12;0,2323
12/12/12;0,0327
13/12/12;-0,2908
14/12/12;0,2838
17/12/12;-0,2538
18/12/12;0,2081
19/12/12;0,0711
20/12/12;0,3052
21/12/12;-0,3146
24/12/12;-0,1575
26/12/12;0,1269
27/12/12;0,2752
28/12/12;-0,5708
31/12/12;0,4686
2/1/13;1,3284
3/1/13;-0,5703
4/1/13;0,289
7/1/13;-0,5278
8/1/13;-0,6341
9/1/13;0,3974
10/1/13;0,8973
11/1/13;-0,3271
14/1/13;0,2054
15/1/13;-0,2127
16/1/13;-0,1595
17/1/13;0,6201
18/1/13;0,2059
22/1/13;0,081
23/1/13;-0,2322
24/1/13;-0,0426
25/1/13;0,2126
28/1/13;-0,4827
29/1/13;0,7922
30/1/13;-0,318
31/1/13;-0,0228
1/2/13;0,8066
4/2/13;-1,9103
5/2/13;0,7957
6/2/13;-0,0749
7/2/13;-0,6922
8/2/13;0,7127
11/2/13;-0,2913
12/2/13;0,4914
13/2/13;0,3231
14/2/13;-0,288
15/2/13;-0,2176
19/2/13;0,8906
20/2/13;-1,3007
21/2/13;-1,1579
22/2/13;1,2037
25/2/13;-2,4302
26/2/13;0,6612
27/2/13;1,417
28/2/13;-0,2249
1/3/13;-0,0988
4/3/13;0,5377
5/3/13;0,5857
6/3/13;0,6624
7/3/13;-0,328
8/3/13;0,4846
11/3/13;0,4417
12/3/13;-0,6042
13/3/13;0,358
14/3/13;0,5825
15/3/13;0,1673
18/3/13;-0,5134
19/3/13;0,1283
20/3/13;0,7385
21/3/13;-0,4545
22/3/13;0,5672
25/3/13;-0,6453
26/3/13;0,8324
27/3/13;0,2225
28/3/13;0,0634
1/4/13;-2,1016
2/4/13;0,774
3/4/13;-0,7529
4/4/13;2,1748
5/4/13;0,0458
8/4/13;0,8437
9/4/13;-0,2534
10/4/13;1,6789
11/4/13;0,7163
12/4/13;-0,0512
15/4/13;-1,669
16/4/13;1,2472
17/4/13;-1,1081
18/4/13;-0,6615
19/4/13;0,9845
22/4/13;0,1735
23/4/13;1,0356
24/4/13;0,3594
25/4/13;0,4777
26/4/13;-0,2393
29/4/13;0,642
30/4/13;0,5215
1/5/13;-1,1337
2/5/13;0,7552
3/5/13;1,1566
6/5/13;0,0255
7/5/13;0,3967
8/5/13;0,5751
9/5/13;-0,5008
10/5/13;0,228
13/5/13;0,5699
14/5/13;0,8618
15/5/13;0,6966
16/5/13;-0,8653
17/5/13;1,2002
20/5/13;0,2868
21/5/13;0,3353
22/5/13;-1,0283
23/5/13;-1,9348
24/5/13;-0,7664
28/5/13;0,0826
29/5/13;-1,1584
30/5/13;-0,0403
31/5/13;-1,7179
3/6/13;-0,1
4/6/13;-0,3713
5/6/13;0,552
6/6/13;-0,0332
7/6/13;-0,7118
10/6/13;-0,1989
11/6/13;0,4817
12/6/13;-0,5813
13/6/13;0,6306
14/6/13;-0,1035
17/6/13;-0,2109
18/6/13;0,0211
19/6/13;-0,412
20/6/13;-0,6506
21/6/13;-0,6567
24/6/13;0,1612
25/6/13;-0,347
26/6/13;0,2513
27/6/13;0,3885
28/6/13;0,2675
1/7/13;0,0386
2/7/13;0,2999
3/7/13;-0,0757
5/7/13;-0,7457
8/7/13;0,0405
9/7/13;0,2876
10/7/13;-0,4703
11/7/13;1,8615
12/7/13;-0,1134
15/7/13;0,6514
16/7/13;-0,2711
17/7/13;0,5165
18/7/13;-0,2405
19/7/13;0,2443
22/7/13;0,1777
23/7/13;-0,2038
24/7/13;-0,8915
25/7/13;-0,9134
26/7/13;-0,8668
29/7/13;-1,3197
30/7/13;0,4011
31/7/13;0,1053
1/8/13;1,6017
2/8/13;0,1565
5/8/13;0,0957
6/8/13;-0,7743
7/8/13;-0,494
8/8/13;0,3976
9/8/13;-0,211
12/8/13;0,207
13/8/13;0,1124
14/8/13;-0,4476
15/8/13;-1,6314
16/8/13;-0,3533
19/8/13;-0,7819
20/8/13;0,9287
21/8/13;-0,5936
22/8/13;1,1484
23/8/13;0,32
26/8/13;-0,165
27/8/13;-1,9832
28/8/13;0,2841
29/8/13;0,5879
30/8/13;-0,9207
3/9/13;1,0537
4/9/13;-0,0881
5/9/13;-0,5557
6/9/13;0,1965
9/9/13;0,0105
10/9/13;-0,2725
11/9/13;0,3509
12/9/13;-0,0538
13/9/13;0,1582
16/9/13;-0,2693
17/9/13;0,3272
18/9/13;0,4955
19/9/13;-0,2367
20/9/13;0,2061
23/9/13;0,2941
24/9/13;0,4341
25/9/13;0,0834
26/9/13;-0,2841
27/9/13;0,0988
30/9/13;-0,0607
1/10/13;0,5816
2/10/13;-0,1322
3/10/13;-0,8631
4/10/13;0,459
7/10/13;-0,7989
8/10/13;-1,4435
9/10/13;-0,1261
10/10/13;2,0647
11/10/13;0,7187
14/10/13;0,4909
15/10/13;-0,4099
16/10/13;0,9602
17/10/13;0,9684
18/10/13;1,092
21/10/13;0,156
22/10/13;0,6227
23/10/13;-0,6825
24/10/13;0,6018
25/10/13;0,208
28/10/13;-0,134
29/10/13;0,173
30/10/13;-0,2819
31/10/13;-0,3773
1/11/13;-0,3559
4/11/13;0,4199
5/11/13;-0,4112
6/11/13;0,4009
7/11/13;-1,7107
8/11/13;1,007
11/11/13;0,0796
12/11/13;-0,1985
13/11/13;0,8354
14/11/13;0,2516
15/11/13;0,3083
18/11/13;-0,3926
19/11/13;-0,2874
20/11/13;-0,6054
21/11/13;1,057
22/11/13;0,5187
25/11/13;0,0387
26/11/13;0,3651
27/11/13;0,5359
29/11/13;0,4451
2/12/13;-0,5799
3/12/13;-0,1696
4/12/13;0,0273
5/12/13;-0,1333
6/12/13;0,7709
9/12/13;0,3487
10/12/13;-0,1453
11/12/13;-1,2694
12/12/13;-0,2824
13/12/13;-0,0944
16/12/13;0,6396
17/12/13;-0,2439
18/12/13;1,2027
19/12/13;-0,2704
20/12/13;0,7382
23/12/13;1,0345
24/12/13;0,1105
26/12/13;0,3212
27/12/13;-0,1861
30/12/13;-0,11
31/12/13;0,6094
2/1/14;-0,4936
3/1/14;-0,0194
6/1/14;0,0392
7/1/14;0,04
8/1/14;-0,0514
9/1/14;0,0273
10/1/14;0,0281
13/1/14;0,0237
14/1/14;-0,0475
15/1/14;-0,0198
16/1/14;-0,0079
17/1/14;-0,0162
21/1/14;-0,0154
22/1/14;-0,004
23/1/14;0,0396
24/1/14;0,0115
27/1/14;-0,0238
28/1/14;0,0277
29/1/14;0,0479
30/1/14;-0,004
31/1/14;0,0194
3/2/14;0,8306
4/2/14;-0,5705
5/2/14;-0,52
6/2/14;-0,1991
7/2/14;0,1286
10/2/14;0,1732
11/2/14;-0,3476
12/2/14;-0,3059
13/2/14;0,3536
14/2/14;0,0224
18/2/14;0,1286
19/2/14;-0,2122
20/2/14;-0,1306
21/2/14;0,2652
24/2/14;-0,1565
25/2/14;0,5168
26/2/14;0,3397
27/2/14;0,2793
28/2/14;-0,0111
3/3/14;0,2497
4/3/14;1,404
5/3/14;0,2429
6/3/14;-0,0192
7/3/14;-0,4762
10/3/14;0,0111
11/3/14;-0,4756
12/3/14;0,3273
13/3/14;-1,4458
14/3/14;-0,5592
17/3/14;0,8785
18/3/14;1,2013
19/3/14;-0,61
20/3/14;0,2582
21/3/14;-1,291
24/3/14;-0,8344
25/3/14;0,3525
26/3/14;-1,2557
27/3/14;-0,4833
28/3/14;0,2061
31/3/14;0,7823
1/4/14;0,8121
2/4/14;0,2227
3/4/14;-0,2316
4/4/14;-0,5957
7/4/14;-0,5048
8/4/14;0,5086
9/4/14;0,5762
10/4/14;-1,6691
11/4/14;-0,7952
14/4/14;0,6567
15/4/14;0,7958
16/4/14;0,8872
17/4/14;-0,101
21/4/14;0,4357
22/4/14;0,4104
23/4/14;-0,3333
24/4/14;0,2553
25/4/14;-0,6789
28/4/14;0,4468
29/4/14;0,3166
30/4/14;0,3786
1/5/14;0,1934
2/5/14;-0,0996
5/5/14;0,1838
6/5/14;-0,5863
7/5/14;0,8624
8/5/14;0,0628
9/5/14;0,0743
12/5/14;0,6487
13/5/14;-0,2745
14/5/14;-0,2112
15/5/14;-0,4589
16/5/14;0,6032
19/5/14;-0,0296
20/5/14;-0,4738
21/5/14;0,1352
22/5/14;0,0217
23/5/14;0,5978
27/5/14;0,6781
28/5/14;-0,359
29/5/14;0,3599
30/5/14;0,2979
2/6/14;0,1772
3/6/14;-0,0676
4/6/14;0,1938
5/6/14;1,2308
6/6/14;0,079
9/6/14;-0,5405
10/6/14;-0,3359
11/6/14;-0,311
12/6/14;-0,4629
13/6/14;0,2515
16/6/14;-0,1966
17/6/14;0,2358
18/6/14;0,7105
19/6/14;0,4416
20/6/14;0,0223
23/6/14;-0,2137
24/6/14;-0,869
25/6/14;0,1234
26/6/14;-0,0782
27/6/14;0,471
30/6/14;-0,118
1/7/14;0,7802
2/7/14;0,1103
3/7/14;0,4869
7/7/14;-0,2851
8/7/14;-0,8452
9/7/14;0,5667
10/7/14;-0,3024
11/7/14;0,3664
14/7/14;0,547
15/7/14;-0,2442
16/7/14;0,3795
17/7/14;-1,1837
18/7/14;1,284
21/7/14;-0,1697
22/7/14;0,5215
23/7/14;0,4154
24/7/14;-0,0582
25/7/14;-0,4468
28/7/14;0,0793
29/7/14;-0,3136
30/7/14;0,1787
31/7/14;-1,9644
1/8/14;-0,3661
4/8/14;0,7036
5/8/14;-0,8343
6/8/14;-0,1135
7/8/14;-0,297
8/8/14;0,725
11/8/14;0,6386
12/8/14;-0,0393
13/8/14;1,0494
14/8/14;0,4557
15/8/14;0,3958
18/8/14;0,797
19/8/14;0,531
20/8/14;0,0165
21/8/14;0,138
22/8/14;0,0616
25/8/14;0,3411
26/8/14;0,1395
27/8/14;0,0552
28/8/14;-0,1624
29/8/14;0,348
2/9/14;0,2433
3/9/14;-0,4064
4/9/14;-0,1211
5/9/14;0,5643
8/9/14;0,0775
9/9/14;-0,8424
10/9/14;0,5819
11/9/14;-0,1089
12/9/14;-0,714
15/9/14;-0,9041
16/9/14;0,9085
17/9/14;0,068
18/9/14;0,6086
19/9/14;-0,3022
22/9/14;-0,9593
23/9/14;-0,32
24/9/14;0,9533
25/9/14;-2,0054
26/9/14;1,042
29/9/14;-0,2538
30/9/14;0,0924
1/10/14;0,5156
2/10/14;-0,7661
3/10/14;0,3938
6/10/14;0,0265
7/10/14;0,9526
8/10/14;0,0582
9/10/14;-0,4856
10/10/14;0,6418
13/10/14;0,3939
14/10/14;0,525
15/10/14;0,5534
16/10/14;-0,4966
17/10/14;-0,3876
20/10/14;0,3936
21/10/14;-0,604
22/10/14;0,0856
23/10/14;-0,6179
24/10/14;0,0968
27/10/14;0,1472
28/10/14;-0,4286
29/10/14;0,2013
30/10/14;0,1128
31/10/14;0,131
3/11/14;0,2321
4/11/14;-0,102
5/11/14;-0,0541
6/11/14;-0,1862
7/11/14;-0,0942
10/11/14;0,5704
11/11/14;-0,0294
12/11/14;-0,2772
13/11/14;0,4626
14/11/14;-0,2335
17/11/14;0,0681
18/11/14;0,5902
19/11/14;-0,6389
20/11/14;0,3749
21/11/14;0,4137
24/11/14;0,5497
25/11/14;0,1486
26/11/14;0,7694
28/11/14;0,3201
1/12/14;-1,003
2/12/14;-0,7089
3/12/14;0,26
4/12/14;0,6892
5/12/14;-0,5464
8/12/14;0,9865
9/12/14;0,4385
10/12/14;0,5638
11/12/14;0,3074
12/12/14;1,0022
15/12/14;-0,2906
16/12/14;0,9537
17/12/14;-0,5447
18/12/14;-1,319
19/12/14;1,0173
22/12/14;0,1501
23/12/14;-1,5716
24/12/14;0,1706
26/12/14;0,3059
29/12/14;0,6284
30/12/14;0,2163
31/12/14;0,0326
2/1/15;1,0187
5/1/15;1,0932
6/1/15;1,4258
7/1/15;0,6021
8/1/15;-0,5306
9/1/15;0,6019
12/1/15;0,6617
13/1/15;-0,071
14/1/15;0,8078
15/1/15;0,9449
16/1/15;-0,2791
20/1/15;0,3321
21/1/15;-0,6504
22/1/15;0,6405
23/1/15;0,599
26/1/15;0,2334
27/1/15;0,0985
28/1/15;0,55
29/1/15;-0,1875
30/1/15;-0,0216
2/2/15;-0,4455
3/2/15;-0,6623
4/2/15;-0,0874
5/2/15;0,0675
6/2/15;-2,3649
9/2/15;-0,3775
10/2/15;-0,2557
11/2/15;-0,1335
12/2/15;0,4282
13/2/15;-0,751
17/2/15;-0,9153
18/2/15;0,7356
19/2/15;-1,357
20/2/15;0,5577
23/2/15;0,9148
24/2/15;-0,3562
25/2/15;0,2362
26/2/15;-1,1252
27/2/15;0,7642
2/3/15;0,5181
3/3/15;-0,4831
4/3/15;-0,4279
5/3/15;0,3675
6/3/15;-0,6879
9/3/15;0,0104
10/3/15;-1,6277
11/3/15;0,1987
12/3/15;1,4578
13/3/15;-0,1848
16/3/15;0,8197
17/3/15;0,2045
18/3/15;1,241
19/3/15;-0,4609
20/3/15;1,0006
23/3/15;0,1285
24/3/15;-0,2771
25/3/15;-1,3334
26/3/15;-0,6522
27/3/15;0,4128
30/3/15;0,7978
31/3/15;-1,4396
1/4/15;-0,0334
2/4/15;0,4991
6/4/15;0,9787
7/4/15;-0,0059
8/4/15;0,454
9/4/15;0,0907
10/4/15;0,2636
13/4/15;-0,4406
14/4/15;0,2165
15/4/15;0,485
16/4/15;0,066
17/4/15;-1,1382
20/4/15;0,8331
21/4/15;0,9029
22/4/15;0,6005
23/4/15;0,1599
24/4/15;0,7093
27/4/15;-0,2877
28/4/15;0,0865
29/4/15;-0,8724
30/4/15;-2,0871
1/5/15;1,2067
4/5/15;0,3303
5/5/15;-1,7253
6/5/15;-0,4399
7/5/15;0,3433
8/5/15;1,7587
11/5/15;-0,9931
12/5/15;-0,2512
13/5/15;0,4155
14/5/15;0,9802
15/5/15;0,2822
18/5/15;0,5299
19/5/15;-0,0049
20/5/15;0,0252
21/5/15;0,3783
22/5/15;-0,1137
26/5/15;-1,2391
27/5/15;1,0764
28/5/15;-0,2946
29/5/15;-0,7664
1/6/15;0,3552
2/6/15;-0,2422
3/6/15;0,3844
4/6/15;-0,7417
5/6/15;-0,349
8/6/15;-0,757
9/6/15;-0,5685
10/6/15;1,4897
11/6/15;0,3006
12/6/15;-0,6536
15/6/15;-0,1089
16/6/15;0,0847
17/6/15;-0,2776
18/6/15;0,8104
19/6/15;-0,3084
22/6/15;1,1118
23/6/15;0,5853
24/6/15;-0,7915
25/6/15;-0,2394
26/6/15;-0,1146
29/6/15;-2,4478
30/6/15;0,4171
1/7/15;0,8172
2/7/15;0,1981
6/7/15;0,6724
7/7/15;0,4017
8/7/15;0,0767
9/7/15;-0,7413
10/7/15;-0,5804
13/7/15;-0,0813
14/7/15;0,1827
15/7/15;0,4395
16/7/15;0,2876
17/7/15;0,2112
20/7/15;-0,1875
21/7/15;0,2094
22/7/15;0,2049
23/7/15;0,5033
24/7/15;0,0275
27/7/15;0,1952
28/7/15;-0,271
29/7/15;-0,1142
30/7/15;0,3166
31/7/15;0,3953
3/8/15;0,2829
4/8/15;-0,3324
5/8/15;-0,2589
6/8/15;0,3329
7/8/15;0,5465
10/8/15;-0,3989
11/8/15;0,5134
12/8/15;-0,2619
13/8/15;-0,0783
14/8/15;0,0915
17/8/15;0,1976
18/8/15;-0,3617
19/8/15;0,3276
20/8/15;0,2082
21/8/15;-0,0923
24/8/15;-0,23
25/8/15;-0,6235
26/8/15;-0,5423
27/8/15;0,1354
28/8/15;0,1525
31/8/15;-0,4075
1/9/15;-0,0776
2/9/15;-0,3492
3/9/15;0,1988
4/9/15;0,3607
8/9/15;-0,5932
9/9/15;0,1912
10/9/15;-0,2742
11/9/15;0,2552
14/9/15;0,0625
15/9/15;-0,7707
16/9/15;-0,1491
17/9/15;0,4813
18/9/15;0,6112
21/9/15;-0,6491
22/9/15;0,552
23/9/15;-0,0077
24/9/15;0,2728
25/9/15;-0,3475
28/9/15;0,6886
29/9/15;0,1144
30/9/15;-0,1447
1/10/15;0,0021
2/10/15;0,4844
5/10/15;-1,0862
6/10/15;0,3444
7/10/15;-0,2655
8/10/15;-0,6687
9/10/15;0,2092
12/10/15;0,6067
13/10/15;0,1362
14/10/15;0,6993
15/10/15;-0,3923
16/10/15;0,0258
19/10/15;-0,2194
20/10/15;-0,4916
21/10/15;0,7929
22/10/15;0,1354
23/10/15;-0,6827
26/10/15;0,5317
27/10/15;0,1999
28/10/15;-0,3218
29/10/15;-1,2722
30/10/15;0,6017
2/11/15;-0,4331
3/11/15;-0,7055
4/11/15;0,0544
5/11/15;-0,1758
6/11/15;-1,379
9/11/15;-0,5388
10/11/15;0,3292
11/11/15;-0,1724
12/11/15;0,3247
13/11/15;0,382
16/11/15;0,0243
17/11/15;0,1373
18/11/15;0,1956
19/11/15;0,5175
20/11/15;-0,1548
23/11/15;0,2448
24/11/15;-0,0229
25/11/15;0,206
27/11/15;-0,0202
30/11/15;0,2483
1/12/15;0,4723
2/12/15;-0,1243
3/12/15;-1,1975
4/12/15;0,4745
7/12/15;0,3683
8/12/15;0,0109
9/12/15;-0,0827
10/12/15;0,0085
11/12/15;0,6241
14/12/15;-0,4941
15/12/15;-0,1685
16/12/15;0,0469
17/12/15;0,4151
18/12/15;0,1481
21/12/15;0,0132
22/12/15;-0,2649
23/12/15;-0,3267
24/12/15;0,1465
28/12/15;0,1541
29/12/15;-0,5959
30/12/15;-0,0604
31/12/15;0,1166
4/1/16;0,0574
5/1/16;0,7394
6/1/16;0,3974
7/1/16;-0,8395
8/1/16;-0,4399
11/1/16;-0,1839
12/1/16;0,275
13/1/16;-0,2593
14/1/16;-0,4963
15/1/16;0,3305
19/1/16;0,1115
20/1/16;-0,7773
21/1/16;-0,0376
22/1/16;1,0756
25/1/16;-0,0577
26/1/16;0,9607
27/1/16;-0,8889
28/1/16;-0,2848
29/1/16;1,2787
1/2/16;-0,3131
2/2/16;1,1254
3/2/16;-0,0739
4/2/16;0,7752
5/2/16;0,7079
8/2/16;1,8234
9/2/16;-0,0256
10/2/16;0,8382
11/2/16;2,0403
12/2/16;-1,2184
16/2/16;-1,8757
17/2/16;-0,1098
18/2/16;1,726
19/2/16;-0,2023
22/2/16;-0,7644
23/2/16;0,8524
24/2/16;0,0208
25/2/16;0,3191
26/2/16;-0,8498
29/2/16;0,7968
1/3/16;-1,391
2/3/16;0,5817
3/3/16;1,0056
4/3/16;-0,412
7/3/16;0,2201
8/3/16;0,3582
9/3/16;-0,7124
10/3/16;0,541
11/3/16;-1,3488
14/3/16;-0,4478
15/3/16;0,0856
16/3/16;1,2073
17/3/16;0,0351
18/3/16;-0,0198
21/3/16;-0,7359
22/3/16;0,1267
23/3/16;-0,4755
24/3/16;-0,091
28/3/16;0,1781
29/3/16;1,422
30/3/16;-1,2137
31/3/16;0,5938
1/4/16;0,032
4/4/16;-0,4593
5/4/16;0,1703
6/4/16;-0,099
7/4/16;0,2492
8/4/16;0,2957
11/4/16;0,6293
12/4/16;0,4398
13/4/16;-0,5911
14/4/16;-0,9474
15/4/16;0,6316
18/4/16;0,181
19/4/16;0,8585
20/4/16;-1,0503
21/4/16;-0,7032
22/4/16;-0,1877
25/4/16;0,4959
26/4/16;0,4391
27/4/16;0,149
28/4/16;0,7322
29/4/16;0,4871
2/5/16;0,0653
3/5/16;-0,5464
4/5/16;-0,4062
5/5/16;-0,1067
6/5/16;0,6874
9/5/16;-0,992
10/5/16;0,7859
11/5/16;0,0561
12/5/16;-0,3032
13/5/16;-0,2128
16/5/16;0,5686
17/5/16;-0,2928
18/5/16;-0,952
19/5/16;-0,3223
20/5/16;0,2747
23/5/16;-0,2223
24/5/16;-0,1879
25/5/16;0,2352
26/5/16;-0,1335
27/5/16;-0,1267
31/5/16;0,0474
1/6/16;0,8614
2/6/16;0,2699
3/6/16;0,2033
6/6/16;0,7512
7/6/16;0,5802
8/6/16;0,999
9/6/16;-0,1401
10/6/16;-1,048
13/6/16;-0,3507
14/6/16;-0,4186
15/6/16;-0,2523
16/6/16;-0,6442
17/6/16;0,6882
20/6/16;0,7414
21/6/16;-0,28
22/6/16;-0,366
23/6/16;1,0045
24/6/16;-2,6889
27/6/16;-0,8793
28/6/16;1,7268
29/6/16;1,5452
30/6/16;0,4027
1/7/16;0,4736
5/7/16;-0,7652
6/7/16;0,0171
7/7/16;-1,8212
8/7/16;1,274
11/7/16;0,0695
12/7/16;0,7415
13/7/16;-0,2549
14/7/16;-0,2948
15/7/16;-0,132
18/7/16;-0,0771
19/7/16;-0,0342
20/7/16;-0,3962
21/7/16;-0,0507
22/7/16;0,2833
25/7/16;-0,6276
26/7/16;-0,3978
27/7/16;-0,7078
28/7/16;0,3086
29/7/16;1,0679
1/8/16;-0,1524
2/8/16;-1,3796
3/8/16;-0,5129
4/8/16;-0,3041
5/8/16;0,015
8/8/16;0,1962
9/8/16;0,542
10/8/16;-0,062
11/8/16;-0,9356
12/8/16;0,324
15/8/16;0,0102
16/8/16;-1,0318
17/8/16;0,3038
18/8/16;-0,2195
19/8/16;-0,6503
22/8/16;0,3608
23/8/16;0,0188
24/8/16;-0,4337
25/8/16;0,3888
26/8/16;-0,9227
29/8/16;0,9176
30/8/16;-0,251
31/8/16;-0,0041
1/9/16;0,1538
2/9/16;0,7619
6/9/16;0,3518
7/9/16;0,2706
8/9/16;-0,2406
9/9/16;-2,8106
12/9/16;1,3877
13/9/16;-1,6997
14/9/16;0,0451
15/9/16;1,1754
16/9/16;-0,489
19/9/16;0,3425
20/9/16;-0,1805
21/9/16;1,3808
22/9/16;1,0242
23/9/16;-0,68
26/9/16;-1,0706
27/9/16;0,5998
28/9/16;0,6294
29/9/16;-1,2102
30/9/16;0,8925
3/10/16;0,0035
4/10/16;-0,6246
5/10/16;0,8803
6/10/16;0,0067
7/10/16;-0,3649
10/10/16;0,8829
11/10/16;-1,867
12/10/16;-0,133
13/10/16;-0,6364
14/10/16;0,1054
17/10/16;-0,1862
18/10/16;1,2773
19/10/16;0,3109
20/10/16;-0,2116
21/10/16;0,1583
24/10/16;0,8013
25/10/16;-0,1476
26/10/16;-0,877
27/10/16;-0,687
28/10/16;-0,5014
31/10/16;0,247
1/11/16;-0,4298
2/11/16;-0,7495
3/11/16;-0,3623
4/11/16;-0,7938
7/11/16;1,6727
8/11/16;0,2926
9/11/16;-0,39
10/11/16;-0,9139
11/11/16;-0,0347
14/11/16;-0,4642
15/11/16;0,8505
16/11/16;0,0017
17/11/16;1,0484
18/11/16;-0,9021
21/11/16;0,9297
22/11/16;0,3502
23/11/16;-0,2591
25/11/16;-0,2076
28/11/16;0,3168
29/11/16;0,2192
30/11/16;-0,6379
1/12/16;-0,9681
2/12/16;0,0459
5/12/16;1,1151
6/12/16;0,6238
7/12/16;1,0137
8/12/16;0,8665
9/12/16;0,4051
12/12/16;-0,5104
13/12/16;0,3305
14/12/16;-1,0322
15/12/16;0,5333
16/12/16;-0,4214
19/12/16;0,371
20/12/16;0,6074
21/12/16;-0,474
22/12/16;-0,6863
23/12/16;0,33
27/12/16;0,426
28/12/16;-0,8611
29/12/16;0,0396
30/12/16;-0,3375
3/1/17;0,1869
4/1/17;1,5365
5/1/17;-0,974
6/1/17;-0,3028
9/1/17;-0,6914
10/1/17;0,7995
11/1/17;0,2435
12/1/17;-0,5881
13/1/17;0,6298
17/1/17;-1,2042
18/1/17;0,2386
19/1/17;-0,7525
20/1/17;0,5482
23/1/17;-0,3779
24/1/17;1,3845
25/1/17;0,8314
26/1/17;-0,3253
27/1/17;-0,3629
30/1/17;-1,2884
31/1/17;0,6436
1/2/17;0,2926
2/2/17;-0,1537
3/2/17;0,8904
6/2/17;-0,308
7/2/17;-0,0341
8/2/17;0,0045
9/2/17;0,8618
10/2/17;0,5345
13/2/17;0,4219
14/2/17;0,3384
15/2/17;0,5898
16/2/17;-0,1502
17/2/17;0,1835
21/2/17;0,6345
22/2/17;-0,1933
23/2/17;-0,4476
24/2/17;0,0656
27/2/17;0,5181
28/2/17;-0,8779
1/3/17;1,4822
2/3/17;-0,6043
3/3/17;0,1104
6/3/17;-0,2874
7/3/17;-0,2608
8/3/17;-0,0469
9/3/17;0,0693
10/3/17;0,3892
13/3/17;0,1173
14/3/17;-0,3232
15/3/17;0,7925
16/3/17;-0,1151
17/3/17;-0,3709
20/3/17;-0,0416
21/3/17;-1,489
22/3/17;0,4299
23/3/17;-0,1314
24/3/17;0,05
27/3/17;0,0403
28/3/17;0,676
29/3/17;0,283
30/3/17;0,2747
31/3/17;-0,1294
3/4/17;-0,0445
4/4/17;0,1505
5/4/17;-0,4178
6/4/17;0,0563
7/4/17;-0,0673
10/4/17;-0,0007
11/4/17;-0,3501
12/4/17;-0,325
13/4/17;-0,4194
17/4/17;0,8296
18/4/17;-0,2521
19/4/17;0,0753
20/4/17;0,859
21/4/17;-0,018
24/4/17;1,3808
25/4/17;0,744
26/4/17;-0,173
27/4/17;0,5163
28/4/17;0,1555
1/5/17;0,6919
2/5/17;0,4472
3/5/17;-0,3107
4/5/17;0,639
5/5/17;0,7649
8/5/17;-0,3967
9/5/17;0,2337
10/5/17;0,1973
11/5/17;-0,1596
12/5/17;0,5014
15/5/17;0,4878
16/5/17;0,6806
17/5/17;-1,941
18/5/17;0,355
19/5/17;0,9563
22/5/17;0,5076
23/5/17;-0,0201
24/5/17;0,3103
25/5/17;0,3831
26/5/17;-0,1215
30/5/17;-0,0676
31/5/17;0,078
1/6/17;0,5079
2/6/17;0,4796
5/6/17;-0,3583
6/6/17;-0,0491
7/6/17;-0,1207
8/6/17;-0,152
9/6/17;-0,2023
12/6/17;-0,2703
13/6/17;0,2642
14/6/17;0,0193
15/6/17;-0,539
16/6/17;0,5248
19/6/17;0,1491
20/6/17;-1,1217
21/6/17;0,0479
22/6/17;0,0935
23/6/17;0,1827
26/6/17;0,2783
27/6/17;-0,1546
28/6/17;0,3547
29/6/17;-0,6891
30/6/17;-0,0324
3/7/17;-0,2299
5/7/17;0,0666
6/7/17;-1,0113
7/7/17;0,4354
10/7/17;0,5423
11/7/17;0,3802
12/7/17;1,342
13/7/17;0,3414
14/7/17;0,8724
17/7/17;-0,2302
18/7/17;0,2015
19/7/17;0,6585
20/7/17;0,0086
21/7/17;-0,1098
24/7/17;0,1416
25/7/17;-0,0263
26/7/17;0,4649
27/7/17;-0,3679
28/7/17;-0,066
31/7/17;0,0213
1/8/17;0,2766
2/8/17;0,0872
3/8/17;-0,2842
4/8/17;0,2685
7/8/17;0,4421
8/8/17;-0,1427
9/8/17;-0,4425
10/8/17;-1,9129
11/8/17;0,2046
14/8/17;1,0096
15/8/17;0,0459
16/8/17;0,5988
17/8/17;-1,4393
18/8/17;0,3368
21/8/17;0,2009
22/8/17;1,0801
23/8/17;0,0558
24/8/17;0,0284
25/8/17;0,4012
28/8/17;-0,146
29/8/17;-0,0401
30/8/17;0,3266
31/8/17;0,4307
1/9/17;0,3918
5/9/17;-0,4193
6/9/17;0,2366
7/9/17;0,4796
8/9/17;-0,3479
11/9/17;0,4615
12/9/17;-0,1082
13/9/17;-0,2957
14/9/17;0,1699
15/9/17;0,2846
18/9/17;0,0893
19/9/17;0,0883
20/9/17;-0,207
21/9/17;-0,0073
22/9/17;-0,231
25/9/17;-0,7143
26/9/17;-0,1492
27/9/17;-0,3677
28/9/17;-0,0793
29/9/17;0,5818
2/10/17;0,6526
3/10/17;0,315
4/10/17;-0,1151
5/10/17;0,4064
6/10/17;-0,1503
9/10/17;-0,2663
10/10/17;0,3767
11/10/17;0,0764
12/10/17;-0,1093
13/10/17;0,0379
16/10/17;-0,0082
17/10/17;-0,166
18/10/17;0,3048
19/10/17;-0,1321
20/10/17;0,4274
23/10/17;-0,5785
24/10/17;0,1631
25/10/17;-0,4451
26/10/17;0,0875
27/10/17;0,7374
30/10/17;-0,6447
31/10/17;0,4876
1/11/17;0,5384
2/11/17;0,0579
3/11/17;0,0757
6/11/17;0,0806
7/11/17;0,3322
8/11/17;0,3201
9/11/17;-0,4417
10/11/17;-0,3733
13/11/17;-0,222
14/11/17;-0,291
15/11/17;-0,37
16/11/17;0,8587
17/11/17;-0,2033
20/11/17;0,2647
21/11/17;0,5222
22/11/17;0,0584
24/11/17;0,363
27/11/17;-0,3038
28/11/17;0,2054
29/11/17;-0,2153
30/11/17;-0,0285
1/12/17;-0,2832
4/12/17;-0,4873
5/12/17;0,1238
6/12/17;-0,1787
7/12/17;0,3049
8/12/17;0,2255
11/12/17;0,1507
12/12/17;0,0918
13/12/17;0,1816
14/12/17;-0,2125
15/12/17;0,0293
18/12/17;0,5681
19/12/17;-0,8306
20/12/17;0,0626
21/12/17;0,0313
22/12/17;0,2307
26/12/17;0,0176
27/12/17;-0,0508
28/12/17;-0,1093
29/12/17;0,0743
2/1/18;0,3455
3/1/18;0,688
4/1/18;0,2283
5/1/18;0,1778
8/1/18;0,0851
9/1/18;0,3883
10/1/18;0,1039
11/1/18;0,3522
12/1/18;0,6499
16/1/18;-0,3813
17/1/18;0,5826
18/1/18;-0,1175
19/1/18;0,2011
22/1/18;0,5064
23/1/18;0,484
24/1/18;0,5276
25/1/18;-0,2866
26/1/18;0,9617
29/1/18;-0,5639
30/1/18;-0,9154
31/1/18;0,0953
1/2/18;-0,0212
2/2/18;-0,2008
5/2/18;-0,3835
6/2/18;0,1216
7/2/18;-0,1249
8/2/18;-0,2652
9/2/18;-0,0168
12/2/18;0,1625
13/2/18;-0,0672
14/2/18;0,1947
15/2/18;0,0501
16/2/18;0,1183
20/2/18;-0,0336
21/2/18;-0,0802
22/2/18;0,0961
23/2/18;0,1526
26/2/18;0,1058
27/2/18;-0,1423
28/2/18;-0,1207
1/3/18;-0,2742
2/3/18;0,0825
5/3/18;0,03
6/3/18;0,0411
7/3/18;-0,0566
8/3/18;0,0331
9/3/18;0,0327
12/3/18;0,0147
13/3/18;-0,0111
14/3/18;0,0289
15/3/18;0,0053
16/3/18;-0,0139
19/3/18;-0,1143
20/3/18;0,0298
21/3/18;0,0249
22/3/18;-0,0531
23/3/18;-0,1309
26/3/18;0,0843
27/3/18;0,0316
28/3/18;0,0825
29/3/18;0,1004
2/4/18;-0,821
3/4/18;0,3945
4/4/18;-0,1753
5/4/18;0,2759
6/4/18;-0,5676
9/4/18;0,6534
10/4/18;0,9608
11/4/18;0,3504
12/4/18;-0,2043
13/4/18;-0,0391
16/4/18;-0,1284
17/4/18;0,0663
18/4/18;0,9713
19/4/18;-0,244
20/4/18;-0,1768
23/4/18;-0,0882
24/4/18;-0,2946
25/4/18;0,057
26/4/18;0,3824
27/4/18;-0,0014
30/4/18;0,151
1/5/18;-0,3568
2/5/18;-0,0342
3/5/18;0,3007
4/5/18;0,378
7/5/18;-0,019
8/5/18;0,1585
9/5/18;0,3682
10/5/18;0,2756
11/5/18;-0,2405
14/5/18;0,3801
15/5/18;-0,0049
16/5/18;0,2876
17/5/18;0,0514
18/5/18;0,0152
21/5/18;0,3747
22/5/18;0,0373
23/5/18;0,2406
24/5/18;-0,3421
25/5/18;-0,7223
29/5/18;-0,4907
30/5/18;0,6491
31/5/18;-0,1654
1/6/18;-0,2524
4/6/18;-0,1681
5/6/18;0,0423
6/6/18;-0,0916
7/6/18;0,1603
8/6/18;-0,0305
11/6/18;-0,0215
12/6/18;-0,0004
13/6/18;0,013
14/6/18;0,0546
15/6/18;-0,1485
18/6/18;0,0374
19/6/18;0,0234
20/6/18;-0,1315
21/6/18;0,0278
22/6/18;0,1327
25/6/18;-0,0317
26/6/18;0,0758
27/6/18;0,173
28/6/18;-0,0004
29/6/18;0,0413
2/7/18;-0,5246
3/7/18;0,3729
5/7/18;0,5525
6/7/18;0,2973
9/7/18;-0,3726
10/7/18;0,0711
11/7/18;-0,3125
12/7/18;0,1556
13/7/18;-0,0727
16/7/18;-0,4035
17/7/18;-0,2828
18/7/18;-0,1692
19/7/18;0,55
20/7/18;-0,5013
23/7/18;-0,2288
24/7/18;-0,1141
25/7/18;0,38
26/7/18;0,1123
27/7/18;-0,4246
30/7/18;0,0137
31/7/18;0,7094
1/8/18;-0,4704
2/8/18;1,2647
3/8/18;0,2708
6/8/18;0,5721
7/8/18;0,3539
8/8/18;0,0965
9/8/18;-0,0445
10/8/18;-0,7259
13/8/18;-0,1595
14/8/18;0,6515
15/8/18;-1,1945
16/8/18;0,4003
17/8/18;0,071
20/8/18;-0,0444
21/8/18;0,411
22/8/18;0,349
23/8/18;-0,1537
24/8/18;0,8818
27/8/18;0,9455
28/8/18;0,1365
29/8/18;1,056
30/8/18;-0,1852
31/8/18;0,1374
4/9/18;-0,413
5/9/18;-1,1553
6/9/18;-0,8396
7/9/18;-0,3497
10/9/18;0,3113
11/9/18;0,6998
12/9/18;-0,2698
13/9/18;0,9658
14/9/18;-0,2243
17/9/18;-1,3539
18/9/18;0,7805
19/9/18;-0,0835
20/9/18;1,0736
21/9/18;-0,5419
24/9/18;0,0378
25/9/18;0,1218
26/9/18;-0,0371
27/9/18;0,7534
28/9/18;0,0018
1/10/18;0,5418
2/10/18;0,0087
3/10/18;0
4/10/18;0,0175
5/10/18;0,0087
8/10/18;0
9/10/18;-0,0087
10/10/18;0,0175
11/10/18;0,0087
12/10/18;0
15/10/18;0,0087
16/10/18;0,0087
17/10/18;0
18/10/18;0
19/10/18;0,0087
22/10/18;0,0175
23/10/18;0
24/10/18;0,0087
25/10/18;0,0087
26/10/18;0,0087
29/10/18;0
30/10/18;0
31/10/18;0,0087
1/11/18;-0,1136
2/11/18;0
5/11/18;0,0087
6/11/18;0
7/11/18;0,0087
8/11/18;0,0087
9/11/18;0,0175
12/11/18;-0,0087
13/11/18;0,0087
14/11/18;-0,0087
15/11/18;0,0262
16/11/18;0,0087
19/11/18;-0,0087
20/11/18;0,0175
21/11/18;0,0175
23/11/18;0
26/11/18;0,0087
27/11/18;0
28/11/18;0,0087
29/11/18;0,0087
30/11/18;0,0087
3/12/18;-0,1737
4/12/18;-0,6852
6/12/18;1,158
7/12/18;-0,6087
10/12/18;-0,2948
11/12/18;0,0169
12/12/18;-0,705
13/12/18;-0,2748
14/12/18;-0,1262
17/12/18;-1,7195
18/12/18;0,4623
19/12/18;-0,5971
20/12/18;-0,6619
21/12/18;-0,6073
24/12/18;-1,5667
26/12/18;1,4409
27/12/18;0,0124
28/12/18;0,1488
31/12/18;0,1248
2/1/19;-0,5535
3/1/19;0,9375
4/1/19;-0,8553
7/1/19;0,2604
8/1/19;-0,2698
9/1/19;0,536
10/1/19;-0,5959
11/1/19;0,2013
14/1/19;0,1576
15/1/19;-0,1973
16/1/19;0,2912
17/1/19;-0,1105
18/1/19;-0,8444
22/1/19;0,3976
23/1/19;-0,127
24/1/19;-0,0495
25/1/19;1,2042
28/1/19;0,2913
29/1/19;0,5528
30/1/19;0,4886
31/1/19;0,153
1/2/19;-0,1563
4/2/19;-0,1378
5/2/19;0,2509
6/2/19;-0,4416
7/2/19;0,1
8/2/19;0,1475
11/2/19;-0,2368
12/2/19;0,1194
13/2/19;-0,1969
14/2/19;0,3024
15/2/19;0,3133
19/2/19;0,7691
20/2/19;-0,0859
21/2/19;-0,5343
22/2/19;0,2897
25/2/19;-0,0307
26/2/19;0,0387
27/2/19;-0,4176
28/2/19;-0,3231
1/3/19;-0,2469
4/3/19;-0,3671
5/3/19;-0,1379
6/3/19;-1,0848
7/3/19;-0,9176
8/3/19;-0,0037
11/3/19;1,6894
12/3/19;0,3393
13/3/19;0,5842
14/3/19;-0,2998
15/3/19;0,4939
18/3/19;0,2673
19/3/19;-0,0625
20/3/19;-0,2231
21/3/19;1,3191
22/3/19;-2,4769
25/3/19;0,1458
26/3/19;0,6664
27/3/19;-0,504
28/3/19;0,3862
29/3/19;0,4719
1/4/19;0,8988
2/4/19;0,5077
3/4/19;0,2256
4/4/19;-0,075
5/4/19;0,5995
8/4/19;-0,1351
9/4/19;-0,443
10/4/19;0,7014
11/4/19;-0,1452
12/4/19;0,4702
15/4/19;-0,2339
16/4/19;-0,8797
17/4/19;-0,266
18/4/19;0,4221
22/4/19;-0,3593
23/4/19;1,2706
24/4/19;0,1658
25/4/19;0,0955
26/4/19;0,4315
29/4/19;-0,3419
30/4/19;0,0614
1/5/19;-0,5722
2/5/19;-0,3835
3/5/19;1,5037
6/5/19;-0,5793
7/5/19;-1,92
8/5/19;-0,2349
9/5/19;-0,4693
10/5/19;0,2136
13/5/19;-3,1769
14/5/19;1,0333
15/5/19;1,3052
16/5/19;0,9577
17/5/19;-0,9397
20/5/19;-1,602
21/5/19;1,0218
22/5/19;-0,3845
23/5/19;-1,3864
24/5/19;-0,0062
28/5/19;-0,4574
29/5/19;-0,8483
30/5/19;0,4102
31/5/19;-1,4252
3/6/19;-0,2038
4/6/19;-0,4613
5/6/19;1,7884
6/6/19;0,2094
7/6/19;0,4167
10/6/19;-0,4105
11/6/19;0,231
12/6/19;0,3325
13/6/19;0,4329
14/6/19;0,0625
17/6/19;0,9374
18/6/19;-0,0212
19/6/19;0,5199
20/6/19;0,6232
21/6/19;-1,2497
24/6/19;-0,1483
25/6/19;-1,2471
26/6/19;-1,8326
27/6/19;0,3176
28/6/19;0,3119
1/7/19;-0,1829
2/7/19;1,9536
3/7/19;0,2372
5/7/19;-1,1429
8/7/19;-0,5401
9/7/19;0,2986
10/7/19;1,2959
11/7/19;-0,9083
12/7/19;0,5592
15/7/19;0,0744
16/7/19;-0,775
17/7/19;1,5724
18/7/19;1,2294
19/7/19;-1,3138
22/7/19;0,0117
23/7/19;-0,5627
24/7/19;0,499
25/7/19;-0,6772
26/7/19;0,1742
29/7/19;0,5832
30/7/19;0,3227
31/7/19;-1,0375
1/8/19;2,3204
2/8/19;-0,21
5/8/19;1,4419
6/8/19;0,811
7/8/19;1,3216
8/8/19;0,4654
9/8/19;-0,3143
12/8/19;1,116
13/8/19;-0,5624
14/8/19;0,8923
15/8/19;0,7255
16/8/19;-0,6619
19/8/19;-1,2047
20/8/19;0,8138
21/8/19;-0,3636
22/8/19;-0,309
23/8/19;1,9166
26/8/19;-0,042
27/8/19;1,0347
28/8/19;-0,2267
29/8/19;-0,6711
30/8/19;-0,2185
3/9/19;1,2294
4/9/19;0,5758
5/9/19;-2,2091
6/9/19;-0,5714
9/9/19;-0,569
10/9/19;-0,9867
11/9/19;0,4689
12/9/19;0,1157
13/9/19;-1,014
16/9/19;0,8937
17/9/19;0,3034
18/9/19;-0,4728
19/9/19;0,388
20/9/19;1,1176
23/9/19;0,4564
24/9/19;0,5103
25/9/19;-1,6646
26/9/19;0,1195
27/9/19;-0,4176
30/9/19;-1,1949
1/10/19;-0,5552
2/10/19;0,2743
3/10/19;0,6925
4/10/19;0,3525
7/10/19;-0,5437
8/10/19;0,131
9/10/19;0,1893
10/10/19;-0,3483
11/10/19;-0,2008
14/10/19;0,1793
15/10/19;-0,1711
16/10/19;0,26
17/10/19;0,3527
18/10/19;0,2936
21/10/19;0,179
22/10/19;0,0064
23/10/19;0,2406
24/10/19;0,2172
25/10/19;-0,2913
28/10/19;-0,6658
29/10/19;0,1805
30/10/19;0,4432
31/10/19;0,3857
1/11/19;0,2002
4/11/19;0,2213
5/11/19;-0,686
6/11/19;0,0798
7/11/19;-0,4187
8/11/19;-0,2878
11/11/19;-0,2378
12/11/19;0,2462
13/11/19;0,0169
14/11/19;-0,02
15/11/19;0,2123
18/11/19;0,1807
19/11/19;-0,1174
20/11/19;-0,1606
21/11/19;-0,2191
22/11/19;-0,05
25/11/19;0,1881
26/11/19;0,1523
27/11/19;-0,0982
29/11/19;-0,2032
2/12/19;0,0576
3/12/19;0,5045
4/12/19;-0,0488
5/12/19;-0,1444
6/12/19;-0,0307
9/12/19;0,0024
10/12/19;-0,0332
11/12/19;0,2916
12/12/19;-0,4006
13/12/19;0,3924
16/12/19;-0,2483
17/12/19;0,0366
18/12/19;-0,1811
19/12/19;-0,0211
20/12/19;-0,011
23/12/19;-0,1056
24/12/19;0,0879
26/12/19;0,0942
27/12/19;0,079
30/12/19;-0,0479
31/12/19;-0,1515
2/1/20;1,1349
3/1/20;-0,9686
6/1/20;0,5679
7/1/20;-0,035
8/1/20;0,726
9/1/20;0,8243
10/1/20;-0,2063
13/1/20;1,1499
14/1/20;-0,3892
15/1/20;-0,0016
16/1/20;0,9288
17/1/20;0,4875
21/1/20;-0,2179
22/1/20;0,2835
23/1/20;0,2207
24/1/20;-0,842
27/1/20;-2,1239
28/1/20;1,4601
29/1/20;0,1667
30/1/20;0,2384
31/1/20;-1,6277
3/2/20;0,6523
4/2/20;-0,7939
5/2/20;-0,533
6/2/20;0,2973
7/2/20;0,6752
10/2/20;0,2005
11/2/20;-0,3678
12/2/20;-0,2347
13/2/20;0,2924
14/2/20;0,2188
18/2/20;0,4454
19/2/20;0,012
20/2/20;0,4047
21/2/20;0,5251
24/2/20;0,8376
25/2/20;-0,0422
26/2/20;-0,1801
27/2/20;0,5424
28/2/20;0,6157
2/3/20;-0,3985
3/3/20;2,9324
4/3/20;0,0136
5/3/20;2,2026
6/3/20;0,7083
9/3/20;0,51
10/3/20;-2,5277
11/3/20;-0,8041
12/3/20;-3,3854
13/3/20;-2,9436
16/3/20;-0,0983
17/3/20;0,1815
18/3/20;-2,4895
19/3/20;-1,282
20/3/20;2,3258
23/3/20;4,3749
24/3/20;3,8868
25/3/20;-1,2137
26/3/20;1,1737
27/3/20;-0,194
30/3/20;0,2629
31/3/20;-2,8553
1/4/20;1,0084
2/4/20;1,5076
3/4/20;0,4605
6/4/20;2,3779
7/4/20;-0,6
8/4/20;-0,8702
9/4/20;2,3062
13/4/20;1,3901
14/4/20;0,689
15/4/20;-0,1324
16/4/20;0,0637
17/4/20;-1,8669
20/4/20;0,724
21/4/20;-0,4398
22/4/20;1,587
23/4/20;0,9378
24/4/20;-0,3467
27/4/20;-0,8125
28/4/20;-0,2496
29/4/20;0,4198
30/4/20;-1,7321
1/5/20;0,55
4/5/20;0,3502
5/5/20;0,4018
6/5/20;-1,1797
7/5/20;1,5269
8/5/20;-0,5122
11/5/20;-0,5285
12/5/20;0,2554
13/5/20;0,7939
14/5/20;0,9077
15/5/20;0,5174
18/5/20;-0,6715
19/5/20;0,8441
20/5/20;0,3613
21/5/20;-1,3257
22/5/20;0,5751
26/5/20;-1,3364
27/5/20;0,1829
28/5/20;0,258
29/5/20;0,7856
1/6/20;0,5073
2/6/20;0,0663
3/6/20;-0,5539
4/6/20;0,13
5/6/20;0,1724
8/6/20;0,9441
9/6/20;0,7306
10/6/20;1,185
11/6/20;-3,088
12/6/20;0,5175
15/6/20;0,5519
16/6/20;0,9187
17/6/20;0,2108
18/6/20;0,0425
19/6/20;0,4265
22/6/20;0,826
23/6/20;0,8214
24/6/20;-1,3112
25/6/20;0,493
26/6/20;-1,075
29/6/20;0,6322
30/6/20;1,2148
1/7/20;0,345
2/7/20;0,5627
6/7/20;1,6642
7/7/20;-0,1762
8/7/20;1,048
9/7/20;0,1804
10/7/20;0,1811
13/7/20;-0,8904
14/7/20;0,5956
15/7/20;0,2043
16/7/20;-0,8301
17/7/20;0,4826
20/7/20;1,5128
21/7/20;0,1983
22/7/20;0,8488
23/7/20;-0,7782
24/7/20;-0,0207
27/7/20;1,7905
28/7/20;-0,1991
29/7/20;0,9956
30/7/20;-0,2605
31/7/20;1,1363
3/8/20;0,7219
4/8/20;1,1596
5/8/20;0,7197
6/8/20;1,1222
7/8/20;-1,1265
10/8/20;-0,2009
11/8/20;-3,0228
12/8/20;1,0371
13/8/20;0,9593
14/8/20;-0,2329
17/8/20;1,4608
18/8/20;0,6821
19/8/20;-1,6279
20/8/20;0,8044
21/8/20;-0,0217
24/8/20;0,2527
25/8/20;0,4706
26/8/20;1,378
27/8/20;-0,5952
28/8/20;1,0596
31/8/20;0,1798
1/9/20;0,9556
2/9/20;-0,0358
3/9/20;-2,8253
4/9/20;-0,4214
8/9/20;-2,2751
9/9/20;1,7538
10/9/20;-1,0986
11/9/20;-0,157
14/9/20;1,3285
15/9/20;0,5645
16/9/20;-0,4232
17/9/20;-0,8913
18/9/20;-0,5352
21/9/20;-1,1492
22/9/20;0,5342
23/9/20;-2,3482
24/9/20;0,2688
25/9/20;0,9062
28/9/20;1,5581
29/9/20;0,1177
30/9/20;0,1006
1/10/20;1,0776
2/10/20;-1,3343
5/10/20;1,3008
6/10/20;-1,2788
7/10/20;0,8922
8/10/20;0,4714
9/10/20;1,4375
12/10/20;1,3032
13/10/20;-0,7119
14/10/20;-0,2993
15/10/20;-0,2433
16/10/20;-0,3525
19/10/20;-0,7542
20/10/20;0,3807
21/10/20;0,3273
22/10/20;-0,3772
23/10/20;0,1032
26/10/20;-0,8986
27/10/20;0,4472
28/10/20;-2,69
29/10/20;0,7098
30/10/20;-1,0149
2/11/20;1,0634
3/11/20;0,7376
4/11/20;1,7447
5/11/20;2,0732
6/11/20;0,2247
9/11/20;-1,3101
10/11/20;-0,4118
11/11/20;0,2906
12/11/20;-0,2712
13/11/20;1,1393
16/11/20;0,8154
17/11/20;-0,1755
18/11/20;-0,5365
19/11/20;0,1166
20/11/20;0,3421
23/11/20;-0,4775
24/11/20;0,3189
25/11/20;-0,2772
27/11/20;0,1895
30/11/20;-1,6573
1/12/20;1,7445
2/12/20;0,1442
3/12/20;0,2943
4/12/20;1,2367
7/12/20;0,2152
8/12/20;0,7075
9/12/20;-1,2522
10/12/20;0,64
11/12/20;-0,3548
14/12/20;0,1423
15/12/20;1,67
16/12/20;0,1466
17/12/20;0,9108
18/12/20;-0,3715
21/12/20;-0,3689
22/12/20;0,4814
23/12/20;0,318
24/12/20;0,2004
28/12/20;0,3057
29/12/20;-0,7159
30/12/20;0,4661
31/12/20;0,0149
4/1/21;-1,279
5/1/21;1,1927
6/1/21;1,1487
7/1/21;1,7942
8/1/21;0,5658
11/1/21;-0,7814
12/1/21;0,8214
13/1/21;0,0399
14/1/21;0,6923
15/1/21;-1,0014
19/1/21;1,1528
20/1/21;1,3004
21/1/21;-0,0743
22/1/21;0,2428
25/1/21;0,4266
26/1/21;-0,1806
27/1/21;-2,1436
28/1/21;0,1607
29/1/21;-1,6462
1/2/21;2,2869
2/2/21;1,4481
3/2/21;-0,0154
4/2/21;1,3788
5/2/21;0,8133
8/2/21;1,4828
9/2/21;0,2618
10/2/21;-0,4102
11/2/21;0,2833
12/2/21;0,4582
16/2/21;-0,2948
17/2/21;-0,6065
18/2/21;-0,9295
19/2/21;0,6934
22/2/21;-1,4847
23/2/21;-0,5123
24/2/21;1,3444
25/2/21;-3,3347
26/2/21;-0,0401
1/3/21;3,0392
2/3/21;-1,5074
3/3/21;-1,7754
4/3/21;-1,977
5/3/21;1,6605
8/3/21;-1,0401
9/3/21;2,6514
10/3/21;0,7073
11/3/21;1,8864
12/3/21;0,0237
15/3/21;0,6228
16/3/21;-0,4512
17/3/21;0,5795
18/3/21;-2,6004
19/3/21;0,4666
22/3/21;0,4102
23/3/21;-1,8704
24/3/21;-1,7124
25/3/21;0,9281
26/3/21;1,6143
29/3/21;-1,198
30/3/21;0,3924
31/3/21;1,0885
1/4/21;1,0204
5/4/21;-0,1327
6/4/21;0,0555
7/4/21;0,0652
8/4/21;0,0922
9/4/21;-0,1065
12/4/21;0,0557
13/4/21;0,2214
14/4/21;-0,0267
15/4/21;0,3605
16/4/21;-0,0132
19/4/21;-0,0591
20/4/21;0,0823
21/4/21;0,0747
22/4/21;0,0156
23/4/21;0,0694
26/4/21;0,0524
27/4/21;0,018
28/4/21;0,2144
29/4/21;0,0631
30/4/21;-0,0035
3/5/21;-0,5416
4/5/21;-0,4001
5/5/21;0,1338
6/5/21;0,6613
7/5/21;0,9334
10/5/21;-1,6061
11/5/21;0,2889
12/5/21;-1,4568
13/5/21;-0,7797
14/5/21;1,5841
17/5/21;0,2287
18/5/21;-0,4169
19/5/21;-0,8914
20/5/21;0,589
21/5/21;0,0556
24/5/21;1,4291
25/5/21;-0,0024
26/5/21;0,2559
27/5/21;0,4871
28/5/21;0,0722
1/6/21;0,9034
2/6/21;0,3865
3/6/21;-0,8567
4/6/21;1,2132
7/6/21;0,3441
8/6/21;0,5456
9/6/21;-0,2237
10/6/21;0,5798
11/6/21;0,0337
14/6/21;0,177
15/6/21;-0,5333
16/6/21;-0,4716
17/6/21;-0,5988
18/6/21;-0,3012
21/6/21;1,0642
22/6/21;0,4717
23/6/21;0,2715
24/6/21;0,4679
25/6/21;-0,1361
28/6/21;0,4166
29/6/21;0,288
30/6/21;0,2761
1/7/21;0,2639
2/7/21;0,8644
6/7/21;-0,9225
7/7/21;-0,4093
8/7/21;-0,0396
9/7/21;1,0002
12/7/21;0,3109
13/7/21;0,1067
14/7/21;-0,3531
15/7/21;-0,565
16/7/21;-0,4696
19/7/21;-2,1769
20/7/21;1,4895
21/7/21;1,2502
22/7/21;0,4667
23/7/21;0,8502
26/7/21;0,343
27/7/21;-0,7861
28/7/21;0,4354
29/7/21;0,8236
30/7/21;-0,5016
2/8/21;-0,3534
3/8/21;0,4354
4/8/21;-0,096
5/8/21;0,8417
6/8/21;-0,2981
9/8/21;-0,1341
10/8/21;-0,5925
11/8/21;0,2159
12/8/21;0,2724
13/8/21;0,4438
16/8/21;-0,0443
17/8/21;-0,5595
18/8/21;-0,904
19/8/21;0,3464
20/8/21;0,7734
23/8/21;0,7405
24/8/21;-0,021
25/8/21;0,0546
26/8/21;-0,3643
27/8/21;1,0041
30/8/21;0,9511
31/8/21;0,1151
1/9/21;0,3897
2/9/21;0,2034
3/9/21;-0,3141
7/9/21;-0,4132
8/9/21;0,3926
9/9/21;0,4243
10/9/21;-0,4799
13/9/21;0,2377
14/9/21;0,3759
15/9/21;-0,052
16/9/21;-0,2028
17/9/21;-0,3257
20/9/21;0,3651
21/9/21;-0,0474
22/9/21;0,1828
23/9/21;-0,8497
24/9/21;-0,493
27/9/21;-0,1729
28/9/21;-0,594
29/9/21;0,1429
30/9/21;-0,1159
1/10/21;0,5462
4/10/21;0,5919
5/10/21;0,6894
6/10/21;-0,8925
7/10/21;0,661
8/10/21;0,1338
11/10/21;0,3454
12/10/21;-0,0706
13/10/21;0,3198
14/10/21;0,5804
15/10/21;0,4557
18/10/21;-0,377
19/10/21;0,1736
20/10/21;0,6111
21/10/21;-0,8026
22/10/21;0,2903
25/10/21;0,3337
26/10/21;0,081
27/10/21;-0,9171
28/10/21;0,1799
29/10/21;-0,2483
1/11/21;0,5568
2/11/21;0,3653
3/11/21;-0,4582
4/11/21;0,3354
5/11/21;0,6403
8/11/21;0,1751
9/11/21;-0,0256
10/11/21;-1,2748
11/11/21;0,4231
12/11/21;0,4854
15/11/21;0,0562
16/11/21;0,2642
17/11/21;-0,3205
18/11/21;0,6472
19/11/21;-0,4074
22/11/21;-0,3361
23/11/21;0,5454
24/11/21;0,1032
26/11/21;-3,5668
29/11/21;1,1829
30/11/21;-2,0107
1/12/21;1,4322
2/12/21;0,4136
3/12/21;0,5027
6/12/21;-0,6187
7/12/21;-0,076
8/12/21;-0,6273
9/12/21;-0,1637
10/12/21;-0,0634
13/12/21;0,6145
14/12/21;-0,3584
15/12/21;-0,1737
16/12/21;-0,2321
17/12/21;0,3725
20/12/21;-0,3377
21/12/21;0,082
22/12/21;0,4168
23/12/21;-0,4304
27/12/21;0,334
28/12/21;-0,142
29/12/21;-0,2607
30/12/21;0,6183
31/12/21;0,0098
3/1/22;-1,1566
4/1/22;-0,2606
5/1/22;-1,767
6/1/22;-0,1925
7/1/22;-0,3696
10/1/22;-0,197
11/1/22;0,4475
12/1/22;-0,2958
13/1/22;-0,0784
14/1/22;-0,6592
18/1/22;-0,7392
19/1/22;-0,7276
20/1/22;-0,5155
21/1/22;0,2319
24/1/22;0,2122
25/1/22;-0,2745
26/1/22;-1,0491
27/1/22;-0,5095
28/1/22;1,6186
31/1/22;0,698
1/2/22;0,2834
2/2/22;0,3698
3/2/22;0,1815
4/2/22;0,695
7/2/22;0,2381
8/2/22;-0,7345
9/2/22;0,8972
10/2/22;-0,4778
11/2/22;1,4153
14/2/22;0,4835
15/2/22;-1,4752
16/2/22;0,1824
17/2/22;0,8078
18/2/22;0,3321
22/2/22;1,2434
23/2/22;0,839
24/2/22;0,3216
25/2/22;-1,3313
28/2/22;1,5438
1/3/22;3,5059
2/3/22;2,4614
3/3/22;0,8611
4/3/22;3,492
7/3/22;1,8711
8/3/22;1,5601
9/3/22;-6,6176
10/3/22;-0,9001
11/3/22;1,3607
14/3/22;-2,4745
15/3/22;-2,0967
16/3/22;-0,6953
17/3/22;3,9082
18/3/22;0,2887
21/3/22;2,9619
22/3/22;-0,2478
23/3/22;2,1411
24/3/22;-0,7761
25/3/22;0,5333
28/3/22;-3,6297
29/3/22;0,2611
30/3/22;1,5062
31/3/22;-1,5174
1/4/22;0,4361
4/4/22;1,4642
5/4/22;-0,7179
6/4/22;-0,516
7/4/22;0,2212
8/4/22;1,0197
11/4/22;-0,6687
12/4/22;2,3375
13/4/22;1,7782
14/4/22;0,5392
18/4/22;0,8811
19/4/22;-1,9744
20/4/22;0,2301
21/4/22;-0,1724
22/4/22;-1,6665
25/4/22;-0,7046
26/4/22;0,9671
27/4/22;0,4504
28/4/22;0,8086
29/4/22;-0,897
2/5/22;0,9792
3/5/22;-1,048
4/5/22;2,4579
5/5/22;-0,4415
6/5/22;0,0959
9/5/22;-3,5674
10/5/22;-0,5202
11/5/22;1,9317
12/5/22;0,2594
13/5/22;1,0118
16/5/22;1,3211
17/5/22;-0,8831
18/5/22;-1,6476
19/5/22;1,0656
20/5/22;0,114
23/5/22;0,6022
24/5/22;0,0013
25/5/22;0,5117
26/5/22;0,8393
27/5/22;0,9174
31/5/22;-0,6056
1/6/22;0,3626
2/6/22;1,7253
3/6/22;0,7195
6/6/22;0,3215
7/6/22;0,5071
8/6/22;0,6811
9/6/22;0,1283
10/6/22;-0,7574
13/6/22;-0,8831
14/6/22;-0,8804
15/6/22;0,081
16/6/22;0,3323
17/6/22;-2,7052
21/6/22;-0,184
22/6/22;-1,3306
23/6/22;-1,6649
24/6/22;0,7068
27/6/22;-0,1769
28/6/22;0,8843
29/6/22;-1,2815
30/6/22;-2,2928
1/7/22;0,9307
5/7/22;-0,4469
6/7/22;-0,0923
7/7/22;0,2546
8/7/22;0,104
11/7/22;-0,0044
12/7/22;-0,3016
13/7/22;0,0349
14/7/22;-0,0493
15/7/22;0,0718
18/7/22;0,1172
19/7/22;0,0249
20/7/22;-0,005
21/7/22;-0,0829
22/7/22;-0,0667
25/7/22;0,1042
26/7/22;0,0125
27/7/22;0,1445
28/7/22;0,013
29/7/22;0,0379
1/8/22;-0,1731
2/8/22;-0,1644
3/8/22;-0,0057
4/8/22;-0,026
5/8/22;-0,1591
8/8/22;0,1461
9/8/22;0,0193
10/8/22;0,1321
11/8/22;0,0613
12/8/22;0,0351
15/8/22;-0,0741
16/8/22;-0,0889
17/8/22;-0,0517
18/8/22;0,1572
19/8/22;-0,0947
22/8/22;0,0108
23/8/22;0,095
24/8/22;0,0588
25/8/22;-0,0218
26/8/22;0,0046
29/8/22;0,04
30/8/22;-0,174
31/8/22;-0,2008
1/9/22;-0,3061
2/9/22;0,053
6/9/22;-0,0396
7/9/22;-0,1506
8/9/22;0,0425
9/9/22;0,1853
12/9/22;0,0845
13/9/22;-0,0183
14/9/22;0,029
15/9/22;-0,1739
16/9/22;-0,0238
19/9/22;0,0212
20/9/22;-0,0159
21/9/22;-0,0236
22/9/22;0,0506
23/9/22;-0,2221
26/9/22;-0,1645
27/9/22;0,0905
28/9/22;0,183
29/9/22;-0,0236
30/9/22;-0,0794
3/10/22;-0,0037
4/10/22;0,0262
5/10/22;0
6/10/22;0,0175
7/10/22;0
10/10/22;0,0087
11/10/22;0
12/10/22;0
13/10/22;0,0262
14/10/22;0
17/10/22;0
18/10/22;0
19/10/22;0
20/10/22;0,035
21/10/22;0,0087
24/10/22;-0,0087
25/10/22;0
26/10/22;0,0175
27/10/22;0,0262
28/10/22;-0,0087
31/10/22;0
1/11/22;-0,1747
2/11/22;0,0263
3/11/22;0,0263
4/11/22;0,0175
7/11/22;-0,0087
8/11/22;0,0087
9/11/22;0,0437
10/11/22;0,0087
11/11/22;-0,0087
14/11/22;0
15/11/22;0,0175
16/11/22;0,0087
17/11/22;0,0262
18/11/22;0
21/11/22;0,0087
22/11/22;0,0175
23/11/22;0,0175
25/11/22;0
28/11/22;0,0087
29/11/22;0,0262
30/11/22;0
1/12/22;-0,1225
2/12/22;0,0215
5/12/22;-0,5982
6/12/22;-0,2593
7/12/22;0,1134
8/12/22;0,1122
9/12/22;-0,0128
12/12/22;0,0831
13/12/22;0,6327
14/12/22;0,0113
15/12/22;-1,1978
16/12/22;-0,4273
19/12/22;-0,3109
20/12/22;0,0661
21/12/22;0,518
22/12/22;-0,3508
23/12/22;0,14
27/12/22;-0,0499
28/12/22;-0,4954
29/12/22;0,7893
30/12/22;-0,5681
3/1/23;0,7416
4/1/23;0,7569
5/1/23;-0,4749
6/1/23;1,3216
9/1/23;0,339
10/1/23;0,1488
11/1/23;0,3547
12/1/23;0,6427
13/1/23;0,3657
17/1/23;0,1376
18/1/23;-0,183
19/1/23;-0,0556
20/1/23;0,4042
23/1/23;0,1615
24/1/23;0,0078
25/1/23;0,2349
26/1/23;0,0082
27/1/23;-0,1693
30/1/23;-0,2336
31/1/23;0,2704
1/2/23;0,4254
2/2/23;-0,0521
3/2/23;-0,6231
6/2/23;-0,6082
7/2/23;0,4674
8/2/23;-0,2464
9/2/23;0,0448
10/2/23;-0,2288
13/2/23;0,5409
14/2/23;0,188
15/2/23;-0,1669
16/2/23;-0,3252
17/2/23;0,3137
21/2/23;-0,6314
22/2/23;-0,3552
23/2/23;0,3223
24/2/23;-0,9628
27/2/23;0,7037
28/2/23;-0,4286
1/3/23;0,2757
2/3/23;0,1123
3/3/23;0,8354
6/3/23;-0,1591
7/3/23;-1,176
8/3/23;0,2682
9/3/23;-0,5767
10/3/23;-0,6238
13/3/23;-0,4772
14/3/23;0,9336
15/3/23;-1,9381
16/3/23;0,9763
17/3/23;-0,9119
20/3/23;1,0655
21/3/23;1,0191
22/3/23;-0,3891
23/3/23;-0,0207
24/3/23;-0,2336
27/3/23;0,6826
28/3/23;-0,0155
29/3/23;0,8056
30/3/23;0,7363
31/3/23;0,2916
3/4/23;0,3661
4/4/23;1,0941
5/4/23;0,3559
6/4/23;-0,2032
10/4/23;-1,0271
11/4/23;0,3984
12/4/23;0,2017
13/4/23;0,3256
14/4/23;-1,2266
17/4/23;-0,6925
18/4/23;0,3205
19/4/23;-0,2777
20/4/23;0,5306
21/4/23;-0,6428
24/4/23;0,5386
25/4/23;0,8435
26/4/23;-0,6796
27/4/23;-0,3939
28/4/23;0,5688
1/5/23;-1,5215
2/5/23;1,8806
3/5/23;0,6735
4/5/23;-0,0037
5/5/23;-0,8882
8/5/23;-0,4807
9/5/23;0,1879
10/5/23;0,3143
11/5/23;-0,0147
12/5/23;-0,4286
15/5/23;-0,2708
16/5/23;-0,7413
17/5/23;-0,2677
18/5/23;-0,9189
19/5/23;0,1807
22/5/23;-0,264
23/5/23;0,2123
24/5/23;-0,6049
25/5/23;-0,6252
26/5/23;0,4768
30/5/23;0,6996
31/5/23;0,386
1/6/23;0,4713
2/6/23;-0,5577
5/6/23;0,2547
6/6/23;0,1969
7/6/23;-0,7816
8/6/23;0,6844
9/6/23;-0,0445
12/6/23;0,0054
13/6/23;-0,2364
14/6/23;0,0637
15/6/23;0,3265
16/6/23;-0,1361
20/6/23;-0,5707
21/6/23;0,0159
22/6/23;-0,5033
23/6/23;-0,0434
26/6/23;0,083
27/6/23;-0,1798
28/6/23;-0,0266
29/6/23;-0,0751
30/6/23;0,3579
3/7/23;0,0558
5/7/23;-0,1572
6/7/23;-0,8718
7/7/23;-0,1495
10/7/23;0,0788
11/7/23;0,5288
12/7/23;1,2601
13/7/23;1,6133
14/7/23;-0,123
17/7/23;0,7667
18/7/23;0,8275
19/7/23;-0,0071
20/7/23;-2,0015
21/7/23;-0,2213
24/7/23;0,1316
25/7/23;0,5805
26/7/23;-0,2299
27/7/23;-0,2096
28/7/23;1,6141
31/7/23;0,0149
1/8/23;-0,3276
2/8/23;-2,0646
3/8/23;-0,1987
4/8/23;-0,3536
7/8/23;0,7953
8/8/23;-0,8099
9/8/23;-1,0342
10/8/23;0,1487
11/8/23;-0,5145
14/8/23;0,8593
15/8/23;-1,0859
16/8/23;-1,0605
17/8/23;-1,031
18/8/23;-0,0439
21/8/23;1,3263
22/8/23;-0,1197
23/8/23;1,4954
24/8/23;-1,9827
25/8/23;0,7302
28/8/23;0,7828
29/8/23;1,9822
30/8/23;0,4871
31/8/23;0,2899
1/9/23;0,6473
5/9/23;0,0192
6/9/23;0,0171
7/9/23;0,0401
8/9/23;-0,0584
11/9/23;0,0761
12/9/23;0,023
13/9/23;0,0048
14/9/23;0,1375
15/9/23;-0,0214
18/9/23;0,024
19/9/23;0,0411
20/9/23;-0,0829
21/9/23;-0,0638
22/9/23;0,0262
25/9/23;-0,0006
26/9/23;-0,0936
27/9/23;0,0519
28/9/23;0,0369
29/9/23;-0,084
2/10/23;-1,0456
3/10/23;-0,4985
4/10/23;-2,4958
5/10/23;-0,3699
6/10/23;0,3428
9/10/23;1,8231
10/10/23;-0,1249
11/10/23;-0,5118
12/10/23;-0,0157
13/10/23;2,1981
16/10/23;-0,2573
17/10/23;0,2588
18/10/23;0,6642
19/10/23;0,8566
20/10/23;-0,6937
23/10/23;-0,5681
24/10/23;-0,8978
25/10/23;0,607
26/10/23;-0,8172
27/10/23;1,2168
30/10/23;-1,3423
31/10/23;-0,2378
1/11/23;0,6279
2/11/23;0,36
3/11/23;0,2815
6/11/23;-0,6488
7/11/23;-0,4995
8/11/23;-0,9363
9/11/23;0,3326
10/11/23;-0,913
13/11/23;0,5786
14/11/23;0,7619
15/11/23;-0,27
16/11/23;0,8245
17/11/23;0,0831
20/11/23;-0,0615
21/11/23;0,9766
22/11/23;-0,423
24/11/23;0,4099
27/11/23;0,5441
28/11/23;1,2386
29/11/23;0,1739
30/11/23;-0,4669
1/12/23;0,6595
4/12/23;-0,9851
5/12/23;0,1911
6/12/23;-0,5038
7/12/23;1,2725
8/12/23;0,3266
11/12/23;0,6957
12/12/23;0,7195
13/12/23;1,3413
14/12/23;-0,0167
15/12/23;0,3237
18/12/23;0,4396
19/12/23;0,5282
20/12/23;-1,4193
21/12/23;1,12
22/12/23;0,1718
26/12/23;0,6094
27/12/23;0,2182
28/12/23;-0,0774
29/12/23;-0,4057
2/1/24;-1,0794
3/1/24;-1,9009
4/1/24;-0,3443
5/1/24;-0,0984
8/1/24;1,9008
9/1/24;-0,3671
10/1/24;0,3536
11/1/24;-0,3238
12/1/24;-0,0119
16/1/24;-0,6191
17/1/24;-0,715
18/1/24;0,9148
19/1/24;1,4689
22/1/24;1,0648
23/1/24;0,0233
24/1/24;-0,1962
25/1/24;0,5137
26/1/24;-0,3038
29/1/24;1,3309
30/1/24;-0,7678
31/1/24;-2,1166
1/2/24;1,2849
2/2/24;1,4938
5/2/24;-0,1689
6/2/24;-0,1563
7/2/24;0,9864
8/2/24;0,1472
9/2/24;0,9171
12/2/24;-0,3103
13/2/24;-1,4686
14/2/24;1,0317
15/2/24;0,3665
16/2/24;-0,8211
20/2/24;-0,6619
21/2/24;-0,3546
22/2/24;2,7838
23/2/24;-0,2403
26/2/24;-0,0709
27/2/24;0,2382
28/2/24;-0,5196
29/2/24;0,8105
1/3/24;1,4419
4/3/24;-0,3378
5/3/24;-1,5312
6/3/24;0,6887
7/3/24;1,3302
8/3/24;-1,2131
11/3/24;-0,5067
12/3/24;1,2441
13/3/24;-0,6575
14/3/24;-0,3648
15/3/24;-0,9565
18/3/24;0,7611
19/3/24;0,2901
20/3/24;1,1928
21/3/24;0,4937
22/3/24;-0,0148
25/3/24;-0,3716
26/3/24;-0,2538
27/3/24;0,5027
28/3/24;-0,1516
1/4/24;-0,0549
2/4/24;-0,7339
3/4/24;0,2017
4/4/24;-1,3524
5/4/24;1,0563
8/4/24;0,0732
9/4/24;0,2513
10/4/24;-0,9787
11/4/24;1,1568
12/4/24;-1,4773
15/4/24;-1,3816
16/4/24;-0,174
17/4/24;-0,9174
18/4/24;-0,3824
19/4/24;-1,4125
22/4/24;0,967
23/4/24;1,2641
24/4/24;0,1635
25/4/24;-0,5055
26/4/24;1,2187
29/4/24;0,4146
30/4/24;-1,6665
1/5/24;0,1355
2/5/24;-0,2382
3/5/24;-0,0462
6/5/24;0,91
7/5/24;-0,4072
8/5/24;-0,2551
9/5/24;1,3907
10/5/24;0,6913
13/5/24;-0,9701
14/5/24;0,7427
15/5/24;1,1409
16/5/24;-0,3428
17/5/24;1,4352
20/5/24;0,3508
21/5/24;-0,1153
22/5/24;-1,6111
23/5/24;-1,7494
24/5/24;0,0898
28/5/24;0,911
29/5/24;-0,8151
30/5/24;0,1819
31/5/24;-0,4852
3/6/24;0,6953
4/6/24;-0,7708
5/6/24;1,0412
6/6/24;0,6414
7/6/24;-3,1377
10/6/24;0,7928
11/6/24;0,2568
12/6/24;0,2264
13/6/24;-0,6845
14/6/24;1,1186
17/6/24;-0,4486
18/6/24;0,3741
20/6/24;1,0937
21/6/24;-1,3496
24/6/24;0,3454
25/6/24;-0,4286
26/6/24;-0,8071
27/6/24;0,9967
28/6/24;0,0202
1/7/24;0,0144
2/7/24;0,0603
3/7/24;0,1806
5/7/24;0,2202
8/7/24;-0,0801
9/7/24;-0,0029
10/7/24;0,0473
11/7/24;0,2057
12/7/24;0,0742
15/7/24;-0,0056
16/7/24;0,2007
17/7/24;-0,0041
18/7/24;-0,1013
19/7/24;-0,1534
22/7/24;-0,0047
23/7/24;0,0328
24/7/24;-0,0542
25/7/24;-0,0603
26/7/24;0,1691
29/7/24;0,0143
30/7/24;0,09
31/7/24;0,2617
1/8/24;-2,0152
2/8/24;-1,8412
5/8/24;-2,2584
6/8/24;0,1586
7/8/24;-0,6122
8/8/24;2,0052
9/8/24;0,0538
12/8/24;0,4264
13/8/24;0,7656
14/8/24;-0,6524
15/8/24;1,4301
16/8/24;1,207
19/8/24;0,5341
20/8/24;-0,3622
21/8/24;0,5429
22/8/24;-1,027
23/8/24;2,0716
26/8/24;0,1503
27/8/24;-0,2165
28/8/24;-0,6826
29/8/24;0,5727
30/8/24;-0,0132
3/9/24;-0,5804
4/9/24;0,1481
5/9/24;0,2202
6/9/24;-0,4997
9/9/24;0,7909
10/9/24;0,9134
11/9/24;-0,1008
12/9/24;1,0678
13/9/24;0,9877
16/9/24;0,1625
17/9/24;-0,5829
18/9/24;-0,4359
19/9/24;0,8414
20/9/24;0,3782
23/9/24;0,5675
24/9/24;0,7414
25/9/24;-0,3883
26/9/24;-0,1512
27/9/24;-0,713
30/9/24;0,0041
1/10/24;0,1999
2/10/24;-0,0228
3/10/24;-0,5353
4/10/24;-0,2539
7/10/24;-0,5097
8/10/24;-0,4265
9/10/24;-0,2444
10/10/24;-0,053
11/10/24;1,0843
14/10/24;0,1714
15/10/24;0,5779
16/10/24;0,7957
17/10/24;-0,0962
18/10/24;0,9102
21/10/24;-0,9587
22/10/24;0,5681
23/10/24;-0,2847
24/10/24;0,4562
25/10/24;-0,3391
28/10/24;0,1732
29/10/24;0,1743
30/10/24;0,4029
31/10/24;-1,5567
1/11/24;-0,216
4/11/24;0,1515
5/11/24;0,4351
6/11/24;-2,2132
7/11/24;1,5189
8/11/24;-0,3979
11/11/24;-1,8844
12/11/24;-0,809
13/11/24;-0,7599
14/11/24;-0,3652
15/11/24;-0,4048
18/11/24;1,6251
19/11/24;0,815
20/11/24;0,4339
21/11/24;0,7726
22/11/24;1,1034
25/11/24;-2,2031
26/11/24;0,2567
27/11/24;0,141
29/11/24;0,7538
2/12/24;-0,5523
3/12/24;0,1253
4/12/24;0,2141
5/12/24;-0,3473
6/12/24;0,0632
9/12/24;0,338
10/12/24;0,516
11/12/24;0,3753
12/12/24;-0,6869
13/12/24;-0,5779
16/12/24;0,0507
17/12/24;-0,177
18/12/24;-1,1183
19/12/24;-0,0442
20/12/24;0,5067
23/12/24;-0,2264
24/12/24;0,1524
26/12/24;0,2655
27/12/24;-0,3256
30/12/24;-0,0174
31/12/24;0,2519
2/1/25;0,4435
3/1/25;-0,09
6/1/25;0,0077
7/1/25;0,0323
8/1/25;0,1098
10/1/25;0,0009
13/1/25;-0,0201
14/1/25;0,0671
15/1/25;0,2093
16/1/25;0,0892
17/1/25;-0,0416
21/1/25;0,0738
22/1/25;0,0091
23/1/25;0,0376
24/1/25;0,08
27/1/25;-0,0199
28/1/25;0,1071
29/1/25;-0,053
30/1/25;0,1418
31/1/25;0,0612
3/2/25;0,3394
4/2/25;0,9802
5/2/25;0,5953
6/2/25;-0,1714
7/2/25;0,0078
10/2/25;1,5944
11/2/25;-0,3279
12/2/25;0,0737
13/2/25;1,021
14/2/25;-1,2621
18/2/25;1,4682
19/2/25;0,0653
20/2/25;-0,011
21/2/25;-0,331
24/2/25;0,365
25/2/25;-1,2625
26/2/25;0,1518
27/2/25;-1,61
28/2/25;-0,3443
3/3/25;0,8737
4/3/25;0,303
5/3/25;0,9739
6/3/25;-0,627
7/3/25;0,5186
10/3/25;-1,3865
11/3/25;0,3876
12/3/25;0,2415
13/3/25;0,7063
14/3/25;0,6904
17/3/25;0,7321
18/3/25;0,7374
19/3/25;0,2161
20/3/25;-0,437
21/3/25;-0,7886
24/3/25;-0,4045
25/3/25;0,4276
26/3/25;-0,6704
27/3/25;0,6481
28/3/25;0,4548
31/3/25;0,3843
1/4/25;0,0014
2/4/25;0,2047
3/4/25;-0,8547
4/4/25;-2,5038
7/4/25;-2,1483
8/4/25;0,186
9/4/25;3,656
10/4/25;1,6995
11/4/25;1,8363
14/4/25;-0,3727
15/4/25;0,4029
16/4/25;2,661
17/4/25;-0,2345
21/4/25;2,4355
22/4/25;-1,0231
23/4/25;-1,914
24/4/25;1,3449
25/4/25;-0,8824
28/4/25;1,1557
29/4/25;-0,8407
30/4/25;-0,6957
1/5/25;-1,7774
2/5/25;0,522
5/5/25;2,5066
6/5/25;2,2013
7/5/25;-1,3474
8/5/25;-1,6331
9/5/25;0,6809
12/5/25;-2,0417
13/5/25;0,3326
14/5/25;-1,7287
15/5/25;1,4209
16/5/25;-0,9277
19/5/25;1,1343
20/5/25;1,565
21/5/25;0,4811
22/5/25;-0,7362
23/5/25;1,8147
27/5/25;-1,12
28/5/25;-0,4048
29/5/25;0,5724
30/5/25;-0,5928
2/6/25;2,4151
3/6/25;-0,8299
4/6/25;0,6554
5/6/25;-0,2845
6/6/25;-0,2764
9/6/25;0,1616
10/6/25;0,096
11/6/25;0,1133
12/6/25;1,0641
13/6/25;-0,4462
16/6/25;-1,2036
17/6/25;-0,7525
18/6/25;-0,2174
20/6/25;-0,4533
23/6/25;0,5859
24/6/25;0,1653
25/6/25;-0,238
26/6/25;0,5404
27/6/25;-0,1572
30/6/25;0,5617
1/7/25;-0,1425
2/7/25;0,612
3/7/25;0,1708
7/7/25;-0,4138
8/7/25;-0,4185
9/7/25;0,5293
10/7/25;0,0527
11/7/25;0,3164
14/7/25;0,0092
15/7/25;-0,102
16/7/25;0,3103
17/7/25;0,3178
18/7/25;0,0596
21/7/25;0,9977
22/7/25;0,2014
23/7/25;-0,3006
24/7/25;-0,2198
25/7/25;-0,3335
28/7/25;-0,1933
29/7/25;0,0545
30/7/25;-0,7755
31/7/25;0,0087
1/8/25;-0,0596
4/8/25;1,1989
5/8/25;-0,2609
6/8/25;0,5176
7/8/25;0,6063
8/8/25;0,4204
11/8/25;-0,8245
12/8/25;0,633
13/8/25;0,2437
14/8/25;-0,41
15/8/25;-0,1745
18/8/25;-0,0514
19/8/25;-0,9499
20/8/25;0,1746
21/8/25;-0,3929
22/8/25;1,3545
25/8/25;-0,2861
26/8/25;0,5069
27/8/25;0,1254
28/8/25;0,6633
29/8/25;-0,1274
2/9/25;0,4474
3/9/25;0,3461
4/9/25;0,8932
5/9/25;0,4582
8/9/25;0,4259
9/9/25;-0,1385
10/9/25;0,0011
11/9/25;1,1782
12/9/25;-0,29
15/9/25;0,6595
16/9/25;-0,1763
17/9/25;0,0153
18/9/25;1,4684
19/9/25;-0,0286
22/9/25;0,6078
23/9/25;-0,3407
24/9/25;-0,6501
25/9/25;-0,627
26/9/25;0,5862
29/9/25;0,4138
30/9/25;0,2607
1/10/25;0,1223
2/10/25;0,1044
3/10/25;0,1698
6/10/25;1,1526
7/10/25;-0,135
8/10/25;1,3068
9/10/25;-0,8653
10/10/25;-1,5917
13/10/25;2,2543
14/10/25;0,0764
15/10/25;1,1338
16/10/25;0,625
17/10/25;-0,5133
20/10/25;2,2877
21/10/25;-2,7694
22/10/25;-0,5711
23/10/25;0,6716
24/10/25;0,487
27/10/25;-0,208
28/10/25;0,0607
29/10/25;0,0117
30/10/25;-0,0865
31/10/25;0,0683
3/11/25;0,5878
4/11/25;-0,7316
5/11/25;0,2538
6/11/25;0,1194
7/11/25;0,2693
10/11/25;1,1131
11/11/25;0,2969
12/11/25;0,6692
13/11/25;-0,5514
14/11/25;-0,7402
17/11/25;-0,5634
18/11/25;0,1681
19/11/25;0,0119
20/11/25;-0,0281
21/11/25;0,1519
24/11/25;0,7555
25/11/25;0,062
26/11/25;0,5094
28/11/25;0,4132
1/12/25;-0,1929
2/12/25;-0,241
3/12/25;0,0329
4/12/25;-0,0515
5/12/25;-0,0894
8/12/25;-0,2104
9/12/25;0,1711
10/12/25;0,3594
11/12/25;0,3794
12/12/25;0,0071
15/12/25;0,0182
16/12/25;-0,0704
17/12/25;0,3196
18/12/25;0,0708
19/12/25;-0,1293
22/12/25;0,9266
23/12/25;0,5843
24/12/25;-0,0462
26/12/25;0,5095
29/12/25;-1,7661
30/12/25;0,0369
31/12/25;-0,4066
2/1/26;0,2188
5/1/26;1,4921
6/1/26;0,8022
7/1/26;-0,5938
8/1/26;0,1777
9/1/26;0,7015
12/1/26;0,9566
13/1/26;-0,2197
14/1/26;0,2016
15/1/26;-0,0964
16/1/26;-0,2462
20/1/26;0,4443
21/1/26;1,3219
22/1/26;1,1042
23/1/26;0,7057
26/1/26;0,9103
27/1/26;1,4977
28/1/26;1,6636
29/1/26;0,0189
30/1/26;-4,9597
2/2/26;-1,2936
3/2/26;2,8802
4/2/26;-0,5869
5/2/26;-1,6096
6/2/26;2,7242
9/2/26;1,4976
10/2/26;-0,4124
11/2/26;1,1469
12/2/26;-2,212
13/2/26;1,2875
17/2/26;-1,4644
18/2/26;1,3249
19/2/26;0,0609
20/2/26;1,7585
23/2/26;0,5678
24/2/26;0,1201
25/2/26;0,4318
26/2/26;-0,0073
27/2/26;0,4069
2/3/26;-0,2301
3/3/26;-3,7969
4/3/26;0,7573
5/3/26;-1,3894
6/3/26;0,6313
9/3/26;0,7059
10/3/26;0,581
11/3/26;-0,0663
12/3/26;-1,8796
13/3/26;-0,7237
16/3/26;1,0521
17/3/26;0,3125
18/3/26;-1,9791
19/3/26;-1,5737
20/3/26;-2,777
23/3/26;0,1222
24/3/26;-0,4867
25/3/26;1,8728
26/3/26;-2,8279
27/3/26;1,1997
30/3/26;-0,1062
31/3/26;2,804
1/4/26;0,8242
2/4/26;-0,2348
6/4/26;0,0854
7/4/26;0,3287
8/4/26;-0,0754
9/4/26;0,4446
10/4/26;-0,3223
13/4/26;0,4761
14/4/26;1,1012
15/4/26;-0,455
16/4/26;0,2902
17/4/26;-0,2111
20/4/26;-0,0479
21/4/26;-0,9211
22/4/26;1,168
23/4/26;-0,1364
24/4/26;0,3813
27/4/26;-0,0482
28/4/26;-0,6112
29/4/26;0,3585
30/4/26;1,012
1/5/26;-0,3306
4/5/26;0,4443
5/5/26;0,6171
6/5/26;0,0511
7/5/26;-0,1426
8/5/26;1,2883
11/5/26;1,0313
12/5/26;0,2124
13/5/26;0,1904
14/5/26;0,1883
15/5/26;-0,9237
18/5/26;-0,0394
19/5/26;-0,1605
20/5/26;0,2078
21/5/26;-0,0361
22/5/26;0,1139
26/5/26;0,4733
27/5/26;-0,6508
28/5/26;0,7531
29/5/26;-0,0993
1/6/26;0,4683
2/6/26;0,038
3/6/26;-0,0104
4/6/26;-0,0059
5/6/26;-0,5139